{
  "a_li": [
    -1.0,
    -0.9,
    -0.8,
    -0.7,
    -0.6,
    -0.5,
    -0.4,
    -0.3,
    -0.2,
    -0.1,
    0.0,
    0.1,
    0.2,
    0.3,
    0.4,
    0.5,
    0.6,
    0.7,
    0.8,
    0.9,
    1.0
  ],
  "alpha": [
    0.01927681999999986,
    0.021608569999999827,
    0.024264976666666715,
    0.03322200333333347,
    0.04774223333333294,
    0.055380499999999944,
    0.06966226000000009,
    0.08433580666666685,
    0.11917052333333322,
    0.1699444533333332,
    0.24626348666666686,
    0.3447040433333334,
    0.6104346300000001,
    0.70921542,
    0.8214305333333333,
    0.9045870833333334,
    0.95506294,
    0.9806864833333333,
    0.9928261066666667,
    0.9971109833333334,
    0.9988055566666667
  ],
  "beta": [
    0.6549467433333334,
    0.62689732,
    0.5986543666666668,
    0.5360968999999999,
    0.45586163,
    0.4233869633333333,
    0.38263059666666677,
    0.34261010999999997,
    0.27006512666666666,
    0.20525194666666674,
    0.14152701333333334,
    0.09299642333333334,
    0.024351003333333336,
    0.012989973333333333,
    0.005260333333333333,
    0.0018145666666666666,
    0.0005448733333333332,
    0.00015103000000000002,
    3.5690000000000006e-05,
    9.920000000000002e-06,
    2.54e-06
  ]
}