{
  "a_li": [
    -1.0,
    -0.9,
    -0.8,
    -0.7,
    -0.6,
    -0.5,
    -0.4,
    -0.3,
    -0.2,
    -0.1,
    0.0,
    0.1,
    0.2,
    0.3,
    0.4,
    0.5,
    0.6,
    0.7,
    0.8,
    0.9,
    1.0
  ],
  "alpha": [
    0.032606000000000024,
    0.03446579999999999,
    0.03671190000000002,
    0.03986069999999997,
    0.04382560000000002,
    0.0495582,
    0.07533590000000001,
    0.0925684,
    0.12285999999999997,
    0.20342280000000001,
    0.26404059999999996,
    0.34523879999999996,
    0.48749719999999996,
    0.5957055,
    0.8918337,
    0.9378642,
    0.9669468999999999,
    0.9832993,
    0.9918,
    0.9977527,
    0.9990133
  ],
  "beta": [
    0.6173512,
    0.6059273,
    0.593252,
    0.579317,
    0.5620479,
    0.5409332,
    0.4651355,
    0.4260199,
    0.3695543,
    0.2531244,
    0.2009423,
    0.1480108,
    0.0835123,
    0.0521436,
    0.0047297,
    0.0019912,
    0.0007692,
    0.0002918,
    0.0001121,
    1.88e-05,
    6.2e-06
  ],
  "probnt_a=0": [
    0.03667430000000005,
    0.05957970000000001,
    0.09591479999999997,
    0.15273479999999995,
    0.2394518,
    0.3631213,
    0.5041412000000001,
    0.6217158,
    0.7026397,
    0.7574771,
    0.05917919999999999,
    0.09124379999999999,
    0.13934429999999998,
    0.2112345,
    0.31749879999999997,
    0.46103649999999996,
    0.6073719,
    0.7114171,
    0.7763403,
    0.817662,
    0.09397979999999995,
    0.13687130000000003,
    0.19863560000000002,
    0.28679200000000005,
    0.4116942,
    0.5703382,
    0.7091052,
    0.7917769,
    0.8383174,
    0.8668385000000001,
    0.14551990000000004,
    0.20093419999999995,
    0.2764732,
    0.3798032,
    0.5188923999999999,
    0.682842,
    0.7998632,
    0.8571451999999999,
    0.8867881,
    0.9050389,
    0.2169242,
    0.2847581,
    0.37249129999999997,
    0.4857779,
    0.6320365,
    0.7874293,
    0.8710473,
    0.9051693,
    0.9222983,
    0.9330506,
    0.31137190000000003,
    0.3885257,
    0.4827926,
    0.5980981000000001,
    0.7398834000000001,
    0.8713183,
    0.9203632,
    0.9380527,
    0.9470028,
    0.9528343
  ]
}