{
  "a_li": [
    -1.0,
    -0.9,
    -0.8,
    -0.7,
    -0.6,
    -0.5,
    -0.4,
    -0.3,
    -0.2,
    -0.1,
    0.0,
    0.1,
    0.2,
    0.3,
    0.4,
    0.5,
    0.6,
    0.7,
    0.8,
    0.9,
    1.0
  ],
  "alpha": [
    0.03813169999999999,
    0.044890899999999956,
    0.0540389,
    0.06635880000000005,
    0.08695710000000001,
    0.10784079999999996,
    0.13289969999999995,
    0.16689350000000003,
    0.20005530000000005,
    0.23841809999999997,
    0.2877775,
    0.34925470000000003,
    0.4399324,
    0.542619,
    0.6592097,
    0.9180618,
    0.9583426,
    0.9797432,
    0.9899898,
    0.9948741,
    0.9973723
  ],
  "beta": [
    0.5440789,
    0.4918843,
    0.4337517,
    0.3692515,
    0.298848,
    0.2388567,
    0.1877391,
    0.1446928,
    0.1133,
    0.0878284,
    0.0659126,
    0.047489,
    0.0292959,
    0.0173652,
    0.0088482,
    0.0004767,
    0.0001552,
    5.58e-05,
    2.43e-05,
    9.7e-06,
    6.7e-06
  ]
}