{
  "a_li": [
    -1.0,
    -0.9,
    -0.8,
    -0.7,
    -0.6,
    -0.5,
    -0.4,
    -0.3,
    -0.2,
    -0.1,
    0.0,
    0.1,
    0.2,
    0.3,
    0.4,
    0.5,
    0.6,
    0.7,
    0.8,
    0.9,
    1.0
  ],
  "alpha": [
    0.03257560000000004,
    0.034850999999999965,
    0.03778340000000002,
    0.04162560000000004,
    0.04634780000000005,
    0.05300729999999998,
    0.062191100000000055,
    0.0912885,
    0.11474269999999998,
    0.1495086,
    0.20149640000000002,
    0.2768944,
    0.3826967,
    0.5149823,
    0.8649694,
    0.9314005,
    0.9682929,
    0.9859648,
    0.9938372,
    0.9983158,
    0.9991874
  ],
  "beta": [
    0.5459215,
    0.532801,
    0.5180014,
    0.5018583,
    0.4827597,
    0.4598728,
    0.4321435,
    0.3483177,
    0.3079347,
    0.2614873,
    0.2095663,
    0.1541483,
    0.1011055,
    0.0574204,
    0.0044249,
    0.0013938,
    0.0003731,
    9.31e-05,
    2.54e-05,
    4e-06,
    1.9e-06
  ],
  "probnt_a=0": [
    0.014867999999999992,
    0.02885380000000004,
    0.05480660000000004,
    0.10049989999999998,
    0.17929620000000002,
    0.3025848,
    0.45414030000000005,
    0.5853105000000001,
    0.6778849,
    0.7412491,
    0.02823319999999996,
    0.05070269999999999,
    0.08881760000000005,
    0.15231890000000003,
    0.25518870000000005,
    0.4061941,
    0.5694404,
    0.6888089,
    0.7632898,
    0.8106355000000001,
    0.052240399999999965,
    0.08621959999999995,
    0.1399996,
    0.22396110000000002,
    0.3526011,
    0.5269168,
    0.6862214,
    0.7817552999999999,
    0.8348436,
    0.8671479,
    0.09163220000000005,
    0.14013719999999996,
    0.21210479999999998,
    0.317134,
    0.4680366,
    0.6551194,
    0.7907173000000001,
    0.8564057,
    0.8897714,
    0.909708,
    0.15254579999999995,
    0.21712719999999996,
    0.30673300000000003,
    0.42953339999999995,
    0.5948111,
    0.7756844,
    0.8723952,
    0.9102235,
    0.9289337,
    0.9403098,
    0.23995429999999995,
    0.3195622,
    0.42271539999999996,
    0.5544937999999999,
    0.7193091,
    0.8722141,
    0.9270074,
    0.9457899,
    0.954997,
    0.9609052
  ]
}