{
  "a_li": [
    -1.0,
    -0.9,
    -0.8,
    -0.7,
    -0.6,
    -0.5,
    -0.4,
    -0.3,
    -0.2,
    -0.1,
    0.0,
    0.1,
    0.2,
    0.3,
    0.4,
    0.5,
    0.6,
    0.7,
    0.8,
    0.9,
    1.0
  ],
  "alpha": [
    0.0003632100000000582,
    0.0006774866666667823,
    0.0010253833333333517,
    0.0011038266666665297,
    0.001504556666666601,
    0.0016780866666664673,
    0.001909100000000108,
    0.0023818766666667823,
    0.003321193333333361,
    0.00428388666666657,
    0.012400139999999782,
    0.02190654000000003,
    0.04931750333333362,
    0.14211253000000001,
    0.2060986566666667,
    0.4517105766666666,
    0.7877219,
    0.9311066166666666,
    0.9920861066666666,
    0.99795289,
    0.9993774133333333
  ],
  "beta": [
    0.9752233166666666,
    0.95882001,
    0.9448542766666665,
    0.9432927066666666,
    0.9320950899999999,
    0.9296078066666666,
    0.9265525466666668,
    0.9174340499999999,
    0.900694443333333,
    0.8915792533333332,
    0.82125404,
    0.7636827033333333,
    0.6725465733333335,
    0.4650334000000001,
    0.40759512999999997,
    0.23230788999999996,
    0.07618814333333333,
    0.028733059999999998,
    0.006119529999999999,
    0.0028657133333333334,
    0.0015472733333333336
  ]
}