{
  "a_li": [
    -1.0,
    -0.9,
    -0.8,
    -0.7,
    -0.6,
    -0.5,
    -0.4,
    -0.3,
    -0.2,
    -0.1,
    0.0,
    0.1,
    0.2,
    0.3,
    0.4,
    0.5,
    0.6,
    0.7,
    0.8,
    0.9,
    1.0
  ],
  "alpha": [
    0.03513940000000004,
    0.038633099999999976,
    0.043055900000000036,
    0.048751199999999995,
    0.05589109999999997,
    0.06541079999999999,
    0.07795319999999994,
    0.10421420000000003,
    0.1275343,
    0.1591184,
    0.2020016,
    0.2604041,
    0.3367567,
    0.4320244,
    0.5413222,
    0.8625138,
    0.9174934,
    0.9532373,
    0.9739262,
    0.9885061,
    0.993642
  ],
  "beta": [
    0.5793974,
    0.5560237,
    0.531025,
    0.5036888,
    0.473943,
    0.4413419,
    0.4056335,
    0.3487779,
    0.3123181,
    0.2717272,
    0.2276718,
    0.1817974,
    0.1360618,
    0.0942509,
    0.0594929,
    0.0060411,
    0.0025602,
    0.0010258,
    0.0004021,
    0.0001379,
    6.29e-05
  ],
  "probnt_a=0": [
    0.018363200000000024,
    0.03386900000000004,
    0.06083320000000003,
    0.10773909999999998,
    0.18613760000000001,
    0.30670739999999996,
    0.4525298,
    0.5783032,
    0.6675294,
    0.7280846999999999,
    0.032389800000000024,
    0.05560379999999998,
    0.09410010000000002,
    0.15676829999999997,
    0.25789399999999996,
    0.4040838,
    0.5607624,
    0.6759917,
    0.7482076,
    0.7947535,
    0.056043399999999965,
    0.09008910000000003,
    0.14303469999999996,
    0.22471470000000004,
    0.34910680000000005,
    0.5175432,
    0.6710965,
    0.7644613,
    0.8171188,
    0.849843,
    0.09463619999999995,
    0.14164980000000005,
    0.2105937,
    0.3118398,
    0.45753200000000005,
    0.6387727000000001,
    0.771608,
    0.8374761,
    0.871747,
    0.8926839,
    0.15234650000000005,
    0.21448480000000003,
    0.2995377,
    0.41694030000000004,
    0.5766093999999999,
    0.7546159,
    0.8523206,
    0.8920036,
    0.9121878,
    0.9243947,
    0.23567139999999998,
    0.3108444,
    0.4084905,
    0.5340945,
    0.6952375,
    0.8505414,
    0.908921,
    0.9296937,
    0.9402834,
    0.9469062
  ]
}