{
  "a_li": [
    -1.0,
    -0.9,
    -0.8,
    -0.7,
    -0.6,
    -0.5,
    -0.4,
    -0.3,
    -0.2,
    -0.1,
    0.0,
    0.1,
    0.2,
    0.3,
    0.4,
    0.5,
    0.6,
    0.7,
    0.8,
    0.9,
    1.0
  ],
  "alpha": [
    0.011275080000000104,
    0.01255666666666666,
    0.014206603333333123,
    0.0190753966666668,
    0.022402176666666662,
    0.026928086666666684,
    0.033148156666666484,
    0.04189030000000005,
    0.054433713333333356,
    0.07299316666666633,
    0.10060387000000004,
    0.14035487666666668,
    0.19388098666666664,
    0.28576292999999997,
    0.36769637666666655,
    0.45626609000000007,
    0.5456435766666665,
    0.6292642566666666,
    0.70263446,
    0.7638387766666668,
    0.8129095666666667
  ],
  "beta": [
    0.8537833466666668,
    0.8452540833333334,
    0.8348296400000002,
    0.7967413066666665,
    0.7794283500000001,
    0.7591099566666666,
    0.7357422633333333,
    0.7084640000000001,
    0.6757559666666668,
    0.6359812533333333,
    0.5878171033333335,
    0.5316189499999999,
    0.4704961966666667,
    0.3734199966666666,
    0.3137870566666667,
    0.2582894833333333,
    0.20909791333333336,
    0.16756619333333334,
    0.13402911,
    0.10777142666666666,
    0.08758471666666669
  ]
}