{
  "a_li": [
    -1.0,
    -0.9,
    -0.8,
    -0.7,
    -0.6,
    -0.5,
    -0.4,
    -0.3,
    -0.2,
    -0.1,
    0.0,
    0.1,
    0.2,
    0.3,
    0.4,
    0.5,
    0.6,
    0.7,
    0.8,
    0.9,
    1.0
  ],
  "alpha": [
    0.022481799999999996,
    0.044785500000000034,
    0.055990399999999996,
    0.06865390000000005,
    0.08396389999999998,
    0.10222109999999995,
    0.12498410000000004,
    0.1563251,
    0.18785220000000002,
    0.22346480000000002,
    0.272134,
    0.337167,
    0.42504379999999997,
    0.5366918,
    0.856476,
    0.92378,
    0.9644096,
    0.9839812,
    0.9929056,
    0.9967339,
    0.9983584
  ],
  "beta": [
    0.5956994,
    0.4489789,
    0.381854,
    0.3257174,
    0.2719681,
    0.2217576,
    0.1752067,
    0.1347271,
    0.1043545,
    0.0804272,
    0.0599308,
    0.0423175,
    0.0270952,
    0.0152521,
    0.0009716,
    0.0003003,
    8.66e-05,
    2.35e-05,
    6.7e-06,
    2.2e-06,
    8e-07
  ]
}