{
  "a_li": [
    -1.0,
    -0.9,
    -0.8,
    -0.7,
    -0.6,
    -0.5,
    -0.4,
    -0.3,
    -0.2,
    -0.1,
    0.0,
    0.1,
    0.2,
    0.3,
    0.4,
    0.5,
    0.6,
    0.7,
    0.8,
    0.9,
    1.0
  ],
  "alpha": [
    0.162122,
    0.17433149999999997,
    0.18858779999999997,
    0.20467190000000002,
    0.22295600000000004,
    0.2441565,
    0.2745006,
    0.30234399999999995,
    0.33422810000000003,
    0.37090959999999995,
    0.4116014,
    0.45759669999999997,
    0.5071743,
    0.5588919,
    0.6120551000000001,
    0.6640607000000001,
    0.7133631,
    0.7593836,
    0.7988743,
    0.8327775,
    0.8613843
  ],
  "beta": [
    0.2828279,
    0.260431,
    0.2380039,
    0.2160672,
    0.1945442,
    0.1738817,
    0.1484428,
    0.1304091,
    0.1125874,
    0.0958469,
    0.0797371,
    0.0650268,
    0.051524,
    0.0398563,
    0.0302,
    0.0223844,
    0.0162133,
    0.0114622,
    0.0081765,
    0.0058653,
    0.004245
  ],
  "probnt_a=0": [
    0.1050316,
    0.1569718,
    0.2292824,
    0.32798479999999997,
    0.45723499999999995,
    0.6113807,
    0.7539905,
    0.8481913,
    0.9001882,
    0.9290146,
    0.13659489999999996,
    0.1975945,
    0.27944440000000004,
    0.38777779999999995,
    0.5263093999999999,
    0.6850343,
    0.8172982,
    0.8921164,
    0.9291858,
    0.9489748,
    0.18026430000000004,
    0.24995259999999997,
    0.3405851,
    0.4560206,
    0.6007311,
    0.7591203,
    0.8728622,
    0.9264503,
    0.9508673,
    0.9635767,
    0.23722359999999998,
    0.3145139,
    0.4114949,
    0.531853,
    0.6779691,
    0.8286647,
    0.9170452,
    0.9513785,
    0.9661992,
    0.9738072,
    0.30814339999999996,
    0.3913251,
    0.49159299999999995,
    0.6119061,
    0.7533848,
    0.8882634,
    0.9482987,
    0.9677466,
    0.9760617,
    0.9807027,
    0.392671,
    0.4784516,
    0.5776049,
    0.6917707,
    0.822982,
    0.9336908,
    0.9680771,
    0.9781569999999999,
    0.9826162,
    0.9852234
  ]
}