{
  "a_li": [
    -1.0,
    -0.9,
    -0.8,
    -0.7,
    -0.6,
    -0.5,
    -0.4,
    -0.3,
    -0.2,
    -0.1,
    0.0,
    0.1,
    0.2,
    0.3,
    0.4,
    0.5,
    0.6,
    0.7,
    0.8,
    0.9,
    1.0
  ],
  "alpha": [
    0.028808500000000015,
    0.034599500000000005,
    0.04254100000000005,
    0.053257,
    0.06960869999999997,
    0.09534589999999998,
    0.13400389999999995,
    0.2368112,
    0.29594010000000004,
    0.355402,
    0.4173762,
    0.4865961,
    0.57431,
    0.6842636,
    0.9244539,
    0.9675665,
    0.9872436,
    0.9948177,
    0.9976277,
    0.9987339,
    0.9992651
  ],
  "beta": [
    0.4425149,
    0.3802772,
    0.3224845,
    0.2654268,
    0.2069625,
    0.1473558,
    0.0946206,
    0.0388074,
    0.0232688,
    0.0147468,
    0.0099125,
    0.0065914,
    0.0039037,
    0.0019615,
    7.53e-05,
    1.84e-05,
    6.3e-06,
    3.5e-06,
    1.6e-06,
    1.8e-06,
    1.5e-06
  ],
  "probnt_a=-0.5": [
    0.0003362999999999561,
    0.001680299999999968,
    0.007079100000000005,
    0.025590899999999972,
    0.08032810000000001,
    0.21137309999999998,
    0.418405,
    0.6103889,
    0.7380903999999999,
    0.8160305999999999,
    0.0014980999999999467,
    0.005592799999999953,
    0.018457100000000004,
    0.05497529999999995,
    0.147822,
    0.33760009999999996,
    0.5748588,
    0.7437288,
    0.8359071,
    0.8866868,
    0.0061061999999999506,
    0.017020000000000035,
    0.045099699999999965,
    0.11123130000000003,
    0.2547296,
    0.49875590000000003,
    0.7290127,
    0.8500805,
    0.905526,
    0.9344520000000001,
    0.020299999999999985,
    0.04581409999999997,
    0.09899860000000005,
    0.2056131,
    0.4009125,
    0.6725059,
    0.8517687,
    0.9205378,
    0.9488151,
    0.9630312,
    0.05626089999999995,
    0.10529319999999998,
    0.19254159999999998,
    0.3408938,
    0.5706474,
    0.8215870000000001,
    0.9283636,
    0.95999,
    0.9725388,
    0.9789848,
    0.12983789999999995,
    0.20887730000000004,
    0.32951699999999995,
    0.5038579999999999,
    0.7324249,
    0.9192559,
    0.9671884,
    0.9794032,
    0.9845133,
    0.9874385999999999
  ]
}