{
  "a_li": [
    -1.0,
    -0.9,
    -0.8,
    -0.7,
    -0.6,
    -0.5,
    -0.4,
    -0.3,
    -0.2,
    -0.1,
    0.0,
    0.1,
    0.2,
    0.3,
    0.4,
    0.5,
    0.6,
    0.7,
    0.8,
    0.9,
    1.0
  ],
  "alpha": [
    0.00048445999999990885,
    0.0009254633333333206,
    0.001647040000000044,
    0.002688686666666773,
    0.004343913333333171,
    0.004495813333333487,
    0.004687716666666453,
    0.006602099999999944,
    0.0069449366666668455,
    0.007456209999999852,
    0.008307960000000114,
    0.011456073333333205,
    0.03339249666666655,
    0.0493592266666667,
    0.1287669933333333,
    0.21731842666666668,
    0.4735387200000001,
    1.0,
    1.0,
    1.0,
    1.0
  ],
  "beta": [
    0.9564140566666662,
    0.9259832200000001,
    0.8900082866666666,
    0.8467683666666667,
    0.7923936699999998,
    0.78999234,
    0.7870437499999999,
    0.7382243466666666,
    0.7350646,
    0.7305900133333334,
    0.7234666866666667,
    0.6839052066666667,
    0.5248640333333332,
    0.4648455666666667,
    0.30074816,
    0.2307402433333333,
    0.10040255000000001,
    0.0,
    0.0,
    0.0,
    0.0
  ]
}