{
  "a_li": [
    -1.0,
    -0.9,
    -0.8,
    -0.7,
    -0.6,
    -0.5,
    -0.4,
    -0.3,
    -0.2,
    -0.1,
    0.0,
    0.1,
    0.2,
    0.3,
    0.4,
    0.5,
    0.6,
    0.7,
    0.8,
    0.9,
    1.0
  ],
  "alpha": [
    0.13601090000000005,
    0.14366219999999996,
    0.15145660000000005,
    0.15995590000000004,
    0.1737069,
    0.18503709999999995,
    0.1978004,
    0.20926009999999995,
    0.22561350000000002,
    0.24381949999999997,
    0.26511929999999995,
    0.2890629,
    0.31412589999999996,
    0.3391162,
    0.36985049999999997,
    0.40502930000000004,
    0.44094520000000004,
    0.47821729999999996,
    0.5142684,
    0.5495673,
    0.5831667
  ],
  "beta": [
    0.5157541,
    0.4993094,
    0.4833063,
    0.4684309,
    0.4417856,
    0.4239095,
    0.4058239,
    0.3895284,
    0.3710345,
    0.3523919,
    0.3333106,
    0.3136007,
    0.3005457,
    0.2851773,
    0.2661327,
    0.2445094,
    0.2239702,
    0.2043439,
    0.1856622,
    0.1691816,
    0.154047
  ],
  "probnt_a=0": [
    0.10024169999999999,
    0.12706589999999995,
    0.16420869999999999,
    0.21642930000000005,
    0.289239,
    0.3864984,
    0.49482519999999997,
    0.5841533,
    0.6454692,
    0.6866974,
    0.11789159999999999,
    0.14889319999999995,
    0.19152199999999997,
    0.24969660000000005,
    0.33107549999999997,
    0.43886289999999994,
    0.5501912,
    0.6327765000000001,
    0.6845498999999999,
    0.7178629999999999,
    0.14225679999999996,
    0.17772829999999995,
    0.22516040000000004,
    0.28950580000000004,
    0.37908319999999995,
    0.4960255,
    0.606671,
    0.6773145,
    0.718496,
    0.7451840000000001,
    0.173192,
    0.2130187,
    0.2654341,
    0.3352288,
    0.43193649999999995,
    0.5571689,
    0.6598039,
    0.7161683,
    0.747139,
    0.7667161,
    0.21197489999999997,
    0.2553904,
    0.3116396,
    0.38624159999999996,
    0.488853,
    0.6188129,
    0.7056241,
    0.7471394,
    0.7697683,
    0.7845185,
    0.2589234,
    0.3049843,
    0.36415949999999997,
    0.44129779999999996,
    0.5477107999999999,
    0.6763878999999999,
    0.7423567,
    0.7709239999999999,
    0.7873079000000001,
    0.7983447
  ]
}