{
  "a_li": [
    -1.0,
    -0.9,
    -0.8,
    -0.7,
    -0.6,
    -0.5,
    -0.4,
    -0.3,
    -0.2,
    -0.1,
    0.0,
    0.1,
    0.2,
    0.3,
    0.4,
    0.5,
    0.6,
    0.7,
    0.8,
    0.9,
    1.0
  ],
  "alpha": [
    0.04831553000000022,
    0.05875117333333302,
    0.07369346999999993,
    0.09318669666666657,
    0.1191193033333332,
    0.1491398833333334,
    0.18466681333333335,
    0.2223749433333333,
    0.2688024700000001,
    0.3203776566666665,
    0.3807674333333334,
    0.45845075000000013,
    0.56329585,
    0.6963502933333333,
    0.86633181,
    0.9366801766666667,
    0.97386902,
    0.9898819366666667,
    0.9961724066666666,
    0.9987090166666667,
    0.9992463033333333
  ],
  "beta": [
    0.51758116,
    0.43894135666666667,
    0.3599156,
    0.28631977666666675,
    0.22249205999999996,
    0.16622344666666664,
    0.11976675666666668,
    0.08752266333333332,
    0.059896396666666664,
    0.040594740000000004,
    0.026263076666666663,
    0.015386166666666666,
    0.007570826666666667,
    0.002850936666666667,
    0.0003561433333333334,
    9.638333333333334e-05,
    2.6203333333333334e-05,
    8.69e-06,
    3.6000000000000003e-06,
    2.0533333333333337e-06,
    1.8166666666666665e-06
  ]
}