{
  "a_li": [
    -1.0,
    -0.9,
    -0.8,
    -0.7,
    -0.6,
    -0.5,
    -0.4,
    -0.3,
    -0.2,
    -0.1,
    0.0,
    0.1,
    0.2,
    0.3,
    0.4,
    0.5,
    0.6,
    0.7,
    0.8,
    0.9,
    1.0
  ],
  "alpha": [
    0.029846200000000045,
    0.03465660000000004,
    0.04144979999999998,
    0.051171599999999984,
    0.0648337,
    0.12277349999999998,
    0.1532692,
    0.1913952,
    0.2373033,
    0.2910499,
    0.3526209,
    0.42342599999999997,
    0.5091772,
    0.614525,
    0.8886073,
    0.9442847,
    0.9750726,
    0.9889563,
    0.9947402,
    0.9972627,
    0.9984243
  ],
  "beta": [
    0.5188276,
    0.4626441,
    0.397672,
    0.3313081,
    0.2652968,
    0.1480406,
    0.1076721,
    0.0745422,
    0.0491539,
    0.0313641,
    0.0197138,
    0.01244,
    0.0075679,
    0.0040901,
    0.0002223,
    7.04e-05,
    2.23e-05,
    7.3e-06,
    3.6e-06,
    3e-06,
    2.9e-06
  ],
  "probnt_a=-0.5": [
    0.0007066000000000017,
    0.002892899999999976,
    0.010430999999999968,
    0.0333812,
    0.09522679999999994,
    0.23112739999999998,
    0.4324669,
    0.6157239999999999,
    0.7377085,
    0.8131027,
    0.0029514000000000484,
    0.009151800000000043,
    0.02622329999999995,
    0.06978569999999995,
    0.16983060000000005,
    0.3583394,
    0.5837775000000001,
    0.7435375,
    0.8317793,
    0.8819504,
    0.010965200000000008,
    0.026559699999999964,
    0.06150929999999999,
    0.13607360000000002,
    0.28317899999999996,
    0.5169998,
    0.7317154,
    0.8458033,
    0.9004211,
    0.9296185,
    0.03375870000000003,
    0.0662182,
    0.12819729999999996,
    0.24061259999999995,
    0.4316675,
    0.6831020999999999,
    0.849405,
    0.9155671,
    0.944333,
    0.9594733,
    0.0848991,
    0.14233379999999995,
    0.23584150000000004,
    0.3829614,
    0.5976749,
    0.8247691,
    0.9251787,
    0.956291,
    0.9693266,
    0.9763919,
    0.17904319999999996,
    0.2633242,
    0.38327619999999996,
    0.5465731,
    0.7513808,
    0.9187748,
    0.9647294,
    0.977191,
    0.9827855,
    0.985938
  ]
}