{
  "a_li": [
    -1.0,
    -0.9,
    -0.8,
    -0.7,
    -0.6,
    -0.5,
    -0.4,
    -0.3,
    -0.2,
    -0.1,
    0.0,
    0.1,
    0.2,
    0.3,
    0.4,
    0.5,
    0.6,
    0.7,
    0.8,
    0.9,
    1.0
  ],
  "alpha": [
    0.02168060000000005,
    0.026116099999999975,
    0.03225160000000005,
    0.04187260000000004,
    0.05775640000000004,
    0.08358469999999996,
    0.16903559999999995,
    0.2279755,
    0.28910230000000003,
    0.3474188,
    0.40597380000000005,
    0.4732383,
    0.5592598,
    0.6689931,
    0.9224703,
    0.9678042,
    0.988208,
    0.9955501,
    0.9981443,
    0.9990612,
    0.999484
  ],
  "beta": [
    0.470184,
    0.4110891,
    0.3537051,
    0.2924649,
    0.224315,
    0.154532,
    0.0653734,
    0.0364518,
    0.0214847,
    0.0138928,
    0.0095746,
    0.0066406,
    0.0040673,
    0.0020323,
    7.33e-05,
    2e-05,
    5.4e-06,
    2.4e-06,
    8e-07,
    1.4e-06,
    7e-07
  ],
  "probnt_a=-0.5": [
    0.0001738999999999491,
    0.0009624000000000299,
    0.0043887999999999705,
    0.01744369999999995,
    0.06088450000000001,
    0.1754865,
    0.37273559999999994,
    0.5698803,
    0.7067589000000001,
    0.793166,
    0.0010584000000000149,
    0.003986000000000045,
    0.013745200000000013,
    0.04319620000000002,
    0.12415929999999997,
    0.3026812,
    0.5421268,
    0.7200271,
    0.8201757000000001,
    0.8761552,
    0.005061399999999994,
    0.01416139999999999,
    0.03798570000000001,
    0.09645780000000004,
    0.230491,
    0.47300359999999997,
    0.7121329000000001,
    0.8406467,
    0.9006638,
    0.9314479,
    0.018436200000000014,
    0.041209199999999946,
    0.09008799999999995,
    0.1904089,
    0.38202440000000004,
    0.6602330000000001,
    0.847733,
    0.9197134,
    0.9491726,
    0.9639493,
    0.05387149999999996,
    0.10050539999999997,
    0.1842724,
    0.32918610000000004,
    0.5622438000000001,
    0.8215814,
    0.931344,
    0.9627569,
    0.9749493,
    0.9812159,
    0.1288013,
    0.20645749999999996,
    0.32557860000000005,
    0.5004223,
    0.7342598,
    0.9247803,
    0.9714289,
    0.9827151,
    0.9872719,
    0.9896986
  ]
}