{
  "a_li": [
    -1.0,
    -0.9,
    -0.8,
    -0.7,
    -0.6,
    -0.5,
    -0.4,
    -0.3,
    -0.2,
    -0.1,
    0.0,
    0.1,
    0.2,
    0.3,
    0.4,
    0.5,
    0.6,
    0.7,
    0.8,
    0.9,
    1.0
  ],
  "alpha": [
    0.02453289999999997,
    0.02687930000000005,
    0.029702000000000006,
    0.033381400000000006,
    0.038257100000000044,
    0.04459650000000004,
    0.05322780000000005,
    0.06485010000000002,
    0.08032669999999997,
    0.11327549999999997,
    0.1442057,
    0.18533080000000002,
    0.23863089999999998,
    0.30507340000000005,
    0.406996,
    0.4942322,
    0.586842,
    0.6742772,
    0.7483500000000001,
    0.8615595,
    0.8942912
  ],
  "beta": [
    0.8637969,
    0.8570601,
    0.8492914,
    0.839685,
    0.8284675,
    0.8147462,
    0.7977907,
    0.7775958,
    0.7528173,
    0.7014006,
    0.6638143,
    0.6191392,
    0.5677054,
    0.5089168,
    0.4150254,
    0.3498887,
    0.2844508,
    0.226305,
    0.1798966,
    0.1115955,
    0.0916965
  ],
  "probnt_a=0": [
    0.09223440000000005,
    0.1121797,
    0.13786589999999999,
    0.1700796,
    0.20864859999999996,
    0.253138,
    0.30105729999999997,
    0.3477523,
    0.3907714,
    0.42760299999999996,
    0.09003000000000005,
    0.11037739999999996,
    0.13534239999999997,
    0.16722729999999997,
    0.20542939999999998,
    0.24930220000000003,
    0.29637500000000006,
    0.342557,
    0.38535929999999996,
    0.42218849999999997,
    0.09060190000000001,
    0.11060550000000002,
    0.13613039999999998,
    0.16718679999999997,
    0.20506729999999995,
    0.2482004,
    0.29483360000000003,
    0.34043239999999997,
    0.38227069999999996,
    0.41880550000000005,
    0.09340210000000004,
    0.11361370000000004,
    0.13852739999999997,
    0.169543,
    0.2062214,
    0.24811669999999997,
    0.2934799,
    0.3379202,
    0.3794151,
    0.4152855,
    0.09847220000000001,
    0.11878299999999997,
    0.14344959999999995,
    0.1739891,
    0.20969400000000005,
    0.2503769,
    0.29384180000000004,
    0.33723230000000004,
    0.377263,
    0.412323,
    0.10615359999999996,
    0.12655229999999995,
    0.15128090000000005,
    0.18143529999999997,
    0.21665900000000005,
    0.25635600000000003,
    0.29797739999999995,
    0.3392889,
    0.3777085,
    0.41153280000000003
  ]
}