{
  "a_li": [
    -1.0,
    -0.9,
    -0.8,
    -0.7,
    -0.6,
    -0.5,
    -0.4,
    -0.3,
    -0.2,
    -0.1,
    0.0,
    0.1,
    0.2,
    0.3,
    0.4,
    0.5,
    0.6,
    0.7,
    0.8,
    0.9,
    1.0
  ],
  "alpha": [
    0.009347600000000011,
    0.010262299999999946,
    0.01398200000000005,
    0.01570640000000001,
    0.017800600000000055,
    0.021031000000000022,
    0.02427950000000001,
    0.02872640000000004,
    0.038642900000000036,
    0.04852869999999998,
    0.06661589999999995,
    0.0987439,
    0.14745229999999998,
    0.22871779999999997,
    0.3499209,
    0.49892380000000003,
    0.7014948999999999,
    0.8040221,
    0.8775906,
    0.924594,
    0.9527015
  ],
  "beta": [
    0.8855282,
    0.8760906,
    0.8450599,
    0.8314628,
    0.8179461,
    0.797659,
    0.7819492,
    0.7630768,
    0.7190177,
    0.6908489,
    0.6462862,
    0.5743908,
    0.5022916,
    0.4084716,
    0.30147,
    0.2014522,
    0.0983516,
    0.0589575,
    0.034564,
    0.0207184,
    0.0127517
  ],
  "probnt_a=0": [
    0.02952290000000002,
    0.046053299999999964,
    0.07118939999999996,
    0.10815699999999995,
    0.159439,
    0.22497500000000004,
    0.2999931,
    0.3768705,
    0.447817,
    0.5094936999999999,
    0.024058000000000024,
    0.039576399999999956,
    0.06368229999999997,
    0.09947170000000005,
    0.14966710000000005,
    0.21407030000000005,
    0.2885696,
    0.3662685,
    0.43914109999999995,
    0.5017071,
    0.02128160000000001,
    0.036168700000000054,
    0.05967549999999999,
    0.0945745,
    0.14400049999999998,
    0.20864680000000002,
    0.2836826,
    0.36210220000000004,
    0.4351195,
    0.4990529,
    0.02068289999999995,
    0.03508549999999999,
    0.058187600000000006,
    0.09251730000000002,
    0.14111790000000002,
    0.20464459999999995,
    0.27860680000000004,
    0.3561164,
    0.4293275,
    0.4929114,
    0.02198979999999995,
    0.03661970000000003,
    0.059463400000000055,
    0.09392480000000003,
    0.14214369999999998,
    0.20503380000000004,
    0.27857679999999996,
    0.3552434,
    0.42787189999999997,
    0.49116289999999996,
    0.02564080000000002,
    0.04042429999999997,
    0.06341209999999997,
    0.09780469999999997,
    0.1454719,
    0.20733829999999998,
    0.2800043,
    0.35625589999999996,
    0.42763510000000005,
    0.4904417
  ]
}