{
  "a_li": [
    -1.0,
    -0.9,
    -0.8,
    -0.7,
    -0.6,
    -0.5,
    -0.4,
    -0.3,
    -0.2,
    -0.1,
    0.0,
    0.1,
    0.2,
    0.3,
    0.4,
    0.5,
    0.6,
    0.7,
    0.8,
    0.9,
    1.0
  ],
  "alpha": [
    0.1304611,
    0.13658669999999995,
    0.14315250000000002,
    0.14863970000000004,
    0.1563926,
    0.16771610000000003,
    0.17897589999999997,
    0.19525539999999997,
    0.2012237,
    0.22213119999999997,
    0.24642580000000003,
    0.27448320000000004,
    0.306735,
    0.3377761,
    0.37904740000000003,
    0.42318880000000003,
    0.4689584,
    0.5139789,
    0.5572927,
    0.5911230000000001,
    0.6262415
  ],
  "beta": [
    0.6099833,
    0.595368,
    0.5797688,
    0.5650676,
    0.5532912,
    0.5351507,
    0.5171279,
    0.4959283,
    0.4785383,
    0.4547888,
    0.4288213,
    0.4014561,
    0.3721754,
    0.3496811,
    0.3186689,
    0.28797,
    0.2586948,
    0.2318421,
    0.2076349,
    0.1901824,
    0.1737428
  ],
  "probnt_a=0": [
    0.12159710000000001,
    0.14174430000000005,
    0.1700119,
    0.20883320000000005,
    0.2640854,
    0.3390695,
    0.4257752,
    0.5000023,
    0.5530708,
    0.5893315,
    0.13310350000000004,
    0.15659630000000002,
    0.1881197,
    0.23226970000000002,
    0.29398270000000004,
    0.3779321,
    0.46972,
    0.5405263,
    0.5869697,
    0.6170995,
    0.15032469999999998,
    0.17659380000000002,
    0.21269950000000004,
    0.26150949999999995,
    0.3299504,
    0.4232477,
    0.5164548,
    0.5791671,
    0.6172599999999999,
    0.6419048,
    0.1736991,
    0.20348469999999996,
    0.24349940000000003,
    0.2972443,
    0.37220790000000004,
    0.4731906,
    0.5621892,
    0.6140549,
    0.6437553,
    0.6626388,
    0.2047139,
    0.23744969999999999,
    0.2813272,
    0.33924620000000005,
    0.42020539999999995,
    0.5261319,
    0.6040076,
    0.6431424,
    0.6649947,
    0.6791802,
    0.24376209999999998,
    0.27962180000000003,
    0.3263503,
    0.38775059999999995,
    0.47131880000000004,
    0.5772392,
    0.6381697,
    0.6657299999999999,
    0.6815869,
    0.6920443000000001
  ]
}