{
  "a_li": [
    -1.0,
    -0.9,
    -0.8,
    -0.7,
    -0.6,
    -0.5,
    -0.4,
    -0.3,
    -0.2,
    -0.1,
    0.0,
    0.1,
    0.2,
    0.3,
    0.4,
    0.5,
    0.6,
    0.7,
    0.8,
    0.9,
    1.0
  ],
  "alpha": [
    0.07746589999999998,
    0.08380330000000002,
    0.0912615,
    0.09981779999999996,
    0.11027580000000003,
    0.12231610000000004,
    0.13642869999999996,
    0.1524031,
    0.17920930000000002,
    0.20181780000000005,
    0.22493810000000003,
    0.2543512,
    0.2876693,
    0.3251889,
    0.36624769999999995,
    0.40969180000000005,
    0.45547780000000004,
    0.5007315,
    0.5485518,
    0.5911147999999999,
    0.6310188
  ],
  "beta": [
    0.5305518,
    0.5046952,
    0.4780758,
    0.4501832,
    0.4212375,
    0.3906725,
    0.3587188,
    0.3294103,
    0.2901918,
    0.2637224,
    0.2406495,
    0.2143106,
    0.1889943,
    0.1647122,
    0.141686,
    0.1211364,
    0.1026146,
    0.0865756,
    0.0689075,
    0.0581023,
    0.0493392
  ],
  "probnt_a=0": [
    0.043436699999999995,
    0.06828909999999999,
    0.10701539999999998,
    0.16666579999999998,
    0.25776429999999995,
    0.3869964,
    0.5342159,
    0.6543044,
    0.7328792,
    0.7828236,
    0.05935679999999999,
    0.090028,
    0.13667490000000004,
    0.20688220000000002,
    0.312137,
    0.4578531,
    0.6106307,
    0.7183056999999999,
    0.7823911,
    0.8210092,
    0.08238480000000004,
    0.11977490000000002,
    0.17508,
    0.25653859999999995,
    0.375595,
    0.5370066,
    0.6854878,
    0.7750665,
    0.8231669,
    0.8514311,
    0.11386379999999996,
    0.15889240000000004,
    0.22311369999999997,
    0.3145599,
    0.4471142,
    0.6201495,
    0.7543607,
    0.821311,
    0.8550721,
    0.8746357,
    0.15508860000000002,
    0.20741540000000003,
    0.2796807,
    0.3805248,
    0.5240639,
    0.7017955,
    0.8105475,
    0.8557933,
    0.8781844,
    0.8916899,
    0.20695260000000004,
    0.266402,
    0.3457333,
    0.4527179,
    0.6021946,
    0.7748663,
    0.8512249000000001,
    0.8798092,
    0.8942234,
    0.9034118
  ]
}