{
  "a_li": [
    -1.0,
    -0.9,
    -0.8,
    -0.7,
    -0.6,
    -0.5,
    -0.4,
    -0.3,
    -0.2,
    -0.1,
    0.0,
    0.1,
    0.2,
    0.3,
    0.4,
    0.5,
    0.6,
    0.7,
    0.8,
    0.9,
    1.0
  ],
  "alpha": [
    0.024517936666666573,
    0.026901476666666535,
    0.03522029666666682,
    0.03950588999999982,
    0.044961393333333155,
    0.05211030999999988,
    0.06177069666666668,
    0.07165291333333346,
    0.10696505333333339,
    0.1396376399999999,
    0.18878186333333324,
    0.2914754033333333,
    0.4033654133333333,
    0.5618404566666666,
    0.8196610133333333,
    0.90288889,
    0.95348734,
    0.9817709133333333,
    0.9937971566666667,
    0.99904888,
    0.9996184033333333
  ],
  "beta": [
    0.6221373733333332,
    0.6025046233333332,
    0.5450619566666666,
    0.5207400566666667,
    0.4940198499999999,
    0.4639080633333333,
    0.42939172000000003,
    0.39407938,
    0.3077338766666667,
    0.25672519,
    0.2014458133333333,
    0.12311518333333332,
    0.07629378333333334,
    0.03633918333333333,
    0.005925046666666667,
    0.0021207800000000005,
    0.0006758966666666667,
    0.00017152666666666667,
    3.969666666666666e-05,
    3.826666666666667e-06,
    1.1266666666666667e-06
  ]
}