{
  "a_li": [
    -1.0,
    -0.9,
    -0.8,
    -0.7,
    -0.6,
    -0.5,
    -0.4,
    -0.3,
    -0.2,
    -0.1,
    0.0,
    0.1,
    0.2,
    0.3,
    0.4,
    0.5,
    0.6,
    0.7,
    0.8,
    0.9,
    1.0
  ],
  "alpha": [
    0.021817399999999987,
    0.036019800000000046,
    0.04709399999999997,
    0.051371000000000056,
    0.05639289999999997,
    0.06262959999999995,
    0.07044779999999995,
    0.08041679999999995,
    0.09356620000000004,
    0.11168029999999995,
    0.1845021,
    0.23238590000000003,
    0.33005110000000004,
    0.40998239999999997,
    0.5024351,
    0.8345723,
    0.8910142,
    0.9321049,
    0.9770418,
    0.9888717,
    0.9944581
  ],
  "beta": [
    0.7051268,
    0.5952855,
    0.5320496,
    0.5139282,
    0.4960286,
    0.4774924,
    0.456787,
    0.4343498,
    0.4081895,
    0.3773942,
    0.2647967,
    0.2233823,
    0.1566353,
    0.1181214,
    0.0842272,
    0.0109538,
    0.0057836,
    0.0029234,
    0.0006654,
    0.0002767,
    0.0001121
  ],
  "probnt_a=0": [
    0.017819499999999988,
    0.03162189999999998,
    0.05560069999999995,
    0.09707840000000001,
    0.16770549999999995,
    0.2780028,
    0.41538909999999996,
    0.5383743,
    0.6274279,
    0.6897541,
    0.03041740000000004,
    0.05099010000000004,
    0.08497710000000003,
    0.14090199999999997,
    0.2318091,
    0.367966,
    0.5189546,
    0.6341395000000001,
    0.7090977,
    0.7582923,
    0.0521336,
    0.0820303,
    0.12897309999999995,
    0.20222989999999996,
    0.3161246,
    0.4758453,
    0.6286333,
    0.7249056,
    0.7812256,
    0.8170718,
    0.08701009999999998,
    0.1290749,
    0.191403,
    0.28322210000000003,
    0.41905159999999997,
    0.5952652,
    0.7324436999999999,
    0.8032514,
    0.8412483,
    0.8649057,
    0.14102179999999997,
    0.19693329999999998,
    0.274864,
    0.38367419999999997,
    0.5361853999999999,
    0.7153082,
    0.8197624,
    0.864399,
    0.8872464,
    0.9020949,
    0.21963180000000004,
    0.2891534,
    0.380298,
    0.4996014,
    0.6579252,
    0.8191657999999999,
    0.8840688,
    0.9082796,
    0.9207414,
    0.9289785
  ]
}