{
  "a_li": [
    -1.0,
    -0.9,
    -0.8,
    -0.7,
    -0.6,
    -0.5,
    -0.4,
    -0.3,
    -0.2,
    -0.1,
    0.0,
    0.1,
    0.2,
    0.3,
    0.4,
    0.5,
    0.6,
    0.7,
    0.8,
    0.9,
    1.0
  ],
  "alpha": [
    0.003974803333333332,
    0.00479300666666671,
    0.005361363333332814,
    0.006033319999999898,
    0.006849180000000232,
    0.008738116666666684,
    0.01203173666666657,
    0.01630143999999989,
    0.021754239999999925,
    0.03092096666666655,
    0.04224003999999992,
    0.05872423666666671,
    0.09547143000000002,
    0.14551070999999993,
    0.2183120833333334,
    0.32350780999999995,
    0.4620471500000001,
    0.6098493466666666,
    0.7643810366666667,
    0.87708166,
    0.9423352033333333
  ],
  "beta": [
    0.8644688966666666,
    0.8443444600000001,
    0.83244785,
    0.8194988599999998,
    0.8051045200000001,
    0.7771244099999997,
    0.7313087800000001,
    0.6825561200000002,
    0.63949305,
    0.5843381933333334,
    0.5290467533333334,
    0.47820377000000014,
    0.39386910333333336,
    0.32239079333333337,
    0.2511307666666666,
    0.18085903000000003,
    0.11627297333333333,
    0.06845648999999998,
    0.032005106666666665,
    0.012925340000000002,
    0.005064763333333332
  ]
}