{
  "a_li": [
    -1.0,
    -0.9,
    -0.8,
    -0.7,
    -0.6,
    -0.5,
    -0.4,
    -0.3,
    -0.2,
    -0.1,
    0.0,
    0.1,
    0.2,
    0.3,
    0.4,
    0.5,
    0.6,
    0.7,
    0.8,
    0.9,
    1.0
  ],
  "alpha": [
    0.023379599999999945,
    0.025436800000000037,
    0.02770079999999997,
    0.038508100000000045,
    0.05392140000000001,
    0.06235809999999997,
    0.07375909999999997,
    0.0897734,
    0.11256279999999996,
    0.14482379999999995,
    0.19079449999999998,
    0.25465269999999995,
    0.43428009999999995,
    0.5420766,
    0.6527821,
    0.7534511,
    0.9519709,
    0.9740022,
    0.9861918,
    0.9926824,
    0.9960158
  ],
  "beta": [
    0.6877785,
    0.6725188,
    0.6568281,
    0.5852447,
    0.5108596,
    0.484537,
    0.4545013,
    0.4187884,
    0.3766536,
    0.3284281,
    0.2754889,
    0.2184638,
    0.1060531,
    0.0685646,
    0.0408877,
    0.0223784,
    0.001382,
    0.000549,
    0.0002217,
    8.71e-05,
    4.01e-05
  ],
  "probnt_a=0": [
    0.02103619999999995,
    0.03588400000000003,
    0.061132399999999976,
    0.10305240000000004,
    0.1727094,
    0.28035489999999996,
    0.41266590000000003,
    0.5314306,
    0.6177337,
    0.6785947,
    0.03512289999999996,
    0.05692750000000002,
    0.09183039999999998,
    0.1483426,
    0.23757609999999996,
    0.36923090000000003,
    0.5142008,
    0.6257934,
    0.6985112,
    0.7468774,
    0.05801250000000002,
    0.08934920000000002,
    0.13685219999999998,
    0.2095749,
    0.32030519999999996,
    0.4742512,
    0.6212390999999999,
    0.715361,
    0.770573,
    0.805988,
    0.09429080000000001,
    0.13686149999999997,
    0.19889579999999996,
    0.2893462,
    0.4207843,
    0.5904239,
    0.7228483,
    0.7926112,
    0.8303979,
    0.8540244,
    0.14777530000000005,
    0.20354640000000002,
    0.2804362,
    0.38581279999999996,
    0.533271,
    0.7062054,
    0.8086994000000001,
    0.8532090999999999,
    0.876813,
    0.8914356999999999,
    0.2235279,
    0.2917554,
    0.38053800000000004,
    0.49672859999999996,
    0.6495614000000001,
    0.8074873,
    0.872756,
    0.8974864,
    0.9105748,
    0.9192885
  ]
}