{
  "a_li": [
    -1.0,
    -0.9,
    -0.8,
    -0.7,
    -0.6,
    -0.5,
    -0.4,
    -0.3,
    -0.2,
    -0.1,
    0.0,
    0.1,
    0.2,
    0.3,
    0.4,
    0.5,
    0.6,
    0.7,
    0.8,
    0.9,
    1.0
  ],
  "alpha": [
    0.02390800000000004,
    0.026095300000000043,
    0.034876099999999965,
    0.03910720000000001,
    0.04862909999999998,
    0.056745900000000016,
    0.06778660000000003,
    0.09036049999999995,
    0.11372760000000004,
    0.1463658,
    0.20307189999999997,
    0.2674727,
    0.35206859999999995,
    0.45597010000000004,
    0.8153945,
    0.8860538,
    0.935315,
    0.9656353,
    0.9846453,
    0.9925785,
    0.9963692
  ],
  "beta": [
    0.6264334,
    0.604943,
    0.5378506,
    0.5132937,
    0.47577,
    0.4465422,
    0.4126408,
    0.3659037,
    0.3237725,
    0.2768517,
    0.2209461,
    0.1709343,
    0.1232384,
    0.0811973,
    0.0088618,
    0.0038247,
    0.00147,
    0.0005266,
    0.0001484,
    4.6e-05,
    1.34e-05
  ],
  "probnt_a=0": [
    0.015252999999999961,
    0.02934340000000002,
    0.0548014,
    0.09982690000000005,
    0.1762355,
    0.2963677,
    0.44391179999999997,
    0.5731679000000001,
    0.6647947000000001,
    0.7275168000000001,
    0.029132599999999953,
    0.05166550000000003,
    0.08929100000000001,
    0.1514624,
    0.2516298,
    0.3990024,
    0.5580304,
    0.6758209,
    0.7502565999999999,
    0.798052,
    0.05425230000000003,
    0.0881942,
    0.14144440000000003,
    0.22358690000000003,
    0.34849810000000003,
    0.5181468,
    0.6739336,
    0.7693588,
    0.8228187,
    0.8558261,
    0.09591450000000001,
    0.1441464,
    0.21488459999999998,
    0.3169356,
    0.4634477,
    0.6451987,
    0.7791665999999999,
    0.8451672,
    0.879557,
    0.900307,
    0.16006189999999998,
    0.22387690000000005,
    0.31100130000000004,
    0.429314,
    0.5886234,
    0.7652578999999999,
    0.8621468,
    0.9010296,
    0.9205436,
    0.9325005,
    0.2514978,
    0.32912430000000004,
    0.42848620000000004,
    0.5541406,
    0.7120653,
    0.862842,
    0.9187752,
    0.9385479,
    0.9486668,
    0.9546839
  ]
}