{
  "a_li": [
    -1.0,
    -0.9,
    -0.8,
    -0.7,
    -0.6,
    -0.5,
    -0.4,
    -0.3,
    -0.2,
    -0.1,
    0.0,
    0.1,
    0.2,
    0.3,
    0.4,
    0.5,
    0.6,
    0.7,
    0.8,
    0.9,
    1.0
  ],
  "alpha": [
    0.004391600000000051,
    0.004689700000000019,
    0.006080500000000044,
    0.006445999999999952,
    0.00850150000000005,
    0.010545099999999974,
    0.012127299999999952,
    0.014606099999999955,
    0.015927299999999978,
    0.01820860000000002,
    0.027770900000000043,
    0.045100200000000035,
    0.2991256,
    0.4078159,
    0.5390787,
    0.7027564,
    0.8562482,
    1.0,
    1.0,
    1.0,
    1.0
  ],
  "beta": [
    0.9088031,
    0.9050887,
    0.8840418,
    0.8797201,
    0.8504346,
    0.8241246,
    0.8109463,
    0.788797,
    0.7835436,
    0.7750451,
    0.7255769,
    0.6799726,
    0.2958021,
    0.2225053,
    0.1605325,
    0.0986096,
    0.0481399,
    0.0,
    0.0,
    0.0,
    0.0
  ]
}