{
  "a_li": [
    -1.0,
    -0.9,
    -0.8,
    -0.7,
    -0.6,
    -0.5,
    -0.4,
    -0.3,
    -0.2,
    -0.1,
    0.0,
    0.1,
    0.2,
    0.3,
    0.4,
    0.5,
    0.6,
    0.7,
    0.8,
    0.9,
    1.0
  ],
  "alpha": [
    0.012501899999999955,
    0.015925100000000025,
    0.017486899999999972,
    0.019507199999999947,
    0.02206779999999997,
    0.025174699999999994,
    0.03136760000000005,
    0.03729800000000005,
    0.045439499999999966,
    0.05780980000000002,
    0.0764612,
    0.10621029999999998,
    0.15470269999999997,
    0.23350490000000002,
    0.3486774,
    0.47720969999999996,
    0.6194132,
    0.7326941,
    0.8007096,
    0.8535254999999999,
    0.9031864000000001
  ],
  "beta": [
    0.8710711,
    0.8464877,
    0.8368079,
    0.8260483,
    0.8139137,
    0.7998337,
    0.7755164,
    0.7561744,
    0.7322265,
    0.7021405,
    0.6637636,
    0.6130153,
    0.5464298,
    0.4594914,
    0.3573405,
    0.2644955,
    0.174545,
    0.115657,
    0.083716,
    0.0605579,
    0.0384125
  ],
  "probnt_a=0": [
    0.0349739,
    0.05099659999999995,
    0.07469930000000002,
    0.10865550000000002,
    0.15439590000000003,
    0.21286930000000004,
    0.27949060000000003,
    0.3479141,
    0.4117341,
    0.46675089999999997,
    0.031159700000000012,
    0.04699779999999998,
    0.07022759999999995,
    0.10364189999999995,
    0.149107,
    0.20679800000000004,
    0.2727244,
    0.34136429999999995,
    0.405578,
    0.46162519999999996,
    0.02974790000000005,
    0.04539269999999995,
    0.06870670000000001,
    0.10177630000000004,
    0.1473658,
    0.2046736,
    0.27115029999999996,
    0.33963699999999997,
    0.40408829999999996,
    0.46012869999999995,
    0.03045129999999996,
    0.04634249999999995,
    0.06975989999999999,
    0.10307129999999998,
    0.14849400000000001,
    0.2055863,
    0.2715811,
    0.33999809999999997,
    0.404331,
    0.4610278,
    0.03324510000000003,
    0.04967149999999998,
    0.07336779999999998,
    0.10719129999999999,
    0.1527773,
    0.2105222,
    0.2766681,
    0.3451191,
    0.4093496,
    0.4649023,
    0.037966900000000026,
    0.054690000000000016,
    0.07909529999999998,
    0.11333870000000001,
    0.15887169999999995,
    0.21603050000000001,
    0.28172739999999996,
    0.34929980000000005,
    0.41285970000000005,
    0.4679972
  ]
}