{
  "a_li": [
    -1.0,
    -0.9,
    -0.8,
    -0.7,
    -0.6,
    -0.5,
    -0.4,
    -0.3,
    -0.2,
    -0.1,
    0.0,
    0.1,
    0.2,
    0.3,
    0.4,
    0.5,
    0.6,
    0.7,
    0.8,
    0.9,
    1.0
  ],
  "alpha": [
    0.014485283333333432,
    0.016101563333333346,
    0.018072640000000084,
    0.020534169999999796,
    0.023672003333333524,
    0.03258875666666683,
    0.04002359000000011,
    0.05051365333333335,
    0.0767738933333334,
    0.10192613666666672,
    0.1384900933333334,
    0.19174067333333356,
    0.2909929299999999,
    0.57756919,
    0.7181016166666667,
    0.8250445833333333,
    0.9551334733333333,
    0.99747807,
    0.9991748833333334,
    0.9997027033333333,
    0.9998808366666667
  ],
  "beta": [
    0.7713205233333333,
    0.75380432,
    0.7340360366666665,
    0.7116476733333333,
    0.6859919833333332,
    0.6366043000000001,
    0.5973265400000002,
    0.5513764433333332,
    0.45924067666666674,
    0.3977135866666667,
    0.3313296066666666,
    0.2620647966666667,
    0.17487249,
    0.050326496666666665,
    0.02309881333333334,
    0.010788479999999998,
    0.00148885,
    4.232e-05,
    1.2566666666666664e-05,
    4.153333333333333e-06,
    1.55e-06
  ]
}