{
  "a_li": [
    -1.0,
    -0.9,
    -0.8,
    -0.7,
    -0.6,
    -0.5,
    -0.4,
    -0.3,
    -0.2,
    -0.1,
    0.0,
    0.1,
    0.2,
    0.3,
    0.4,
    0.5,
    0.6,
    0.7,
    0.8,
    0.9,
    1.0
  ],
  "alpha": [
    0.03099099999999999,
    0.03398509999999999,
    0.03760770000000002,
    0.04190119999999997,
    0.0474059,
    0.05429430000000002,
    0.0752102,
    0.08811460000000004,
    0.10453670000000004,
    0.12512599999999996,
    0.1508811,
    0.18234669999999997,
    0.2201343,
    0.26449520000000004,
    0.3139588,
    0.3681415,
    0.42421089999999995,
    0.5556568,
    0.6161746,
    0.7365972000000001,
    0.7820926
  ],
  "beta": [
    0.8497692,
    0.8415843,
    0.832273,
    0.8213318,
    0.8084647,
    0.7935081,
    0.7450211,
    0.7230565,
    0.69793,
    0.6700038,
    0.6391234,
    0.6054773,
    0.5693847,
    0.5309168,
    0.4915132,
    0.4511823,
    0.4117613,
    0.3165451,
    0.2793743,
    0.2002585,
    0.1729317
  ],
  "probnt_a=0": [
    0.12655709999999998,
    0.1483626,
    0.1760505,
    0.2102005,
    0.25131590000000004,
    0.29758910000000005,
    0.34649759999999996,
    0.393451,
    0.43518920000000005,
    0.47057970000000005,
    0.10948480000000005,
    0.1308416,
    0.15819640000000001,
    0.19189840000000002,
    0.23314900000000005,
    0.27981469999999997,
    0.3299063,
    0.37851060000000003,
    0.4221922,
    0.45930649999999995,
    0.09776479999999999,
    0.11840070000000003,
    0.14481809999999995,
    0.17836759999999996,
    0.21914789999999995,
    0.26676409999999995,
    0.31742139999999996,
    0.3675229,
    0.41277739999999996,
    0.45141659999999995,
    0.09052539999999998,
    0.11037330000000001,
    0.1364267,
    0.1689003,
    0.20913329999999997,
    0.2556317,
    0.30599620000000005,
    0.3557726,
    0.4016516,
    0.44109509999999996,
    0.0879913,
    0.10721000000000003,
    0.13283429999999996,
    0.1649368,
    0.2047713,
    0.2511259,
    0.3016675,
    0.35132529999999995,
    0.39681829999999996,
    0.43619450000000004,
    0.08990609999999999,
    0.10875049999999997,
    0.13365649999999996,
    0.16574869999999997,
    0.20521040000000002,
    0.25123609999999996,
    0.3015542,
    0.35194159999999997,
    0.3975463,
    0.4368282
  ]
}