{
  "a_li": [
    -1.0,
    -0.9,
    -0.8,
    -0.7,
    -0.6,
    -0.5,
    -0.4,
    -0.3,
    -0.2,
    -0.1,
    0.0,
    0.1,
    0.2,
    0.3,
    0.4,
    0.5,
    0.6,
    0.7,
    0.8,
    0.9,
    1.0
  ],
  "alpha": [
    0.06629019999999997,
    0.07309900000000003,
    0.08226,
    0.09417739999999997,
    0.10923159999999998,
    0.12929579999999996,
    0.15681049999999996,
    0.19528100000000004,
    0.2426912,
    0.2989935,
    0.36059680000000005,
    0.4309263,
    0.5174893,
    0.6167075,
    0.7259519999999999,
    0.9395962,
    0.9704968,
    0.9855547,
    0.9922481,
    0.995594,
    0.9974613
  ],
  "beta": [
    0.447025,
    0.3896397,
    0.3320769,
    0.2762204,
    0.2235926,
    0.1737881,
    0.1283758,
    0.0874217,
    0.0578401,
    0.0371555,
    0.0240774,
    0.0155694,
    0.0095082,
    0.005261,
    0.0026678,
    0.0001295,
    5.07e-05,
    2.48e-05,
    1.48e-05,
    1.23e-05,
    8.9e-06
  ],
  "probnt_a=-0.5": [
    0.0011406999999999945,
    0.004064300000000021,
    0.01292800000000005,
    0.03734119999999996,
    0.09831800000000002,
    0.22673350000000003,
    0.4163137,
    0.5920164,
    0.7122666,
    0.7891944,
    0.004376700000000011,
    0.011967100000000008,
    0.0310859,
    0.07542190000000004,
    0.17152880000000004,
    0.34734410000000004,
    0.5603750000000001,
    0.7163362,
    0.806694,
    0.859715,
    0.014453300000000002,
    0.03216160000000001,
    0.068805,
    0.14148859999999996,
    0.27890309999999996,
    0.4964495,
    0.7027198,
    0.8194382,
    0.8778834,
    0.9106253,
    0.04060850000000005,
    0.07516319999999999,
    0.13643799999999995,
    0.24204210000000004,
    0.41779679999999997,
    0.6540561,
    0.820894,
    0.8928661,
    0.9260813999999999,
    0.9440757,
    0.09530019999999995,
    0.15216169999999996,
    0.24046540000000005,
    0.3749863,
    0.5728242,
    0.794162,
    0.9017013,
    0.9391361,
    0.9556815,
    0.9649166,
    0.19042380000000003,
    0.2693012,
    0.37845169999999995,
    0.5262937,
    0.7196625,
    0.8940243,
    0.9486702,
    0.965024,
    0.9726727,
    0.9771508
  ]
}