{
  "a_li": [
    -1.0,
    -0.9,
    -0.8,
    -0.7,
    -0.6,
    -0.5,
    -0.4,
    -0.3,
    -0.2,
    -0.1,
    0.0,
    0.1,
    0.2,
    0.3,
    0.4,
    0.5,
    0.6,
    0.7,
    0.8,
    0.9,
    1.0
  ],
  "alpha": [
    0.03483689999999995,
    0.03774180000000005,
    0.04134439999999995,
    0.046113300000000024,
    0.05210939999999997,
    0.06023109999999998,
    0.07126109999999997,
    0.09362970000000004,
    0.11642799999999998,
    0.1491019,
    0.19610660000000002,
    0.2624489,
    0.35260230000000004,
    0.47916309999999995,
    0.8326915,
    0.9094584,
    0.9536713,
    0.9778067,
    0.9911862,
    0.9967161,
    0.9985293
  ],
  "beta": [
    0.4960479,
    0.4799033,
    0.4623575,
    0.4431772,
    0.4215537,
    0.3963861,
    0.3680973,
    0.3292943,
    0.2914046,
    0.2493943,
    0.2027153,
    0.153845,
    0.1067587,
    0.0640533,
    0.006012,
    0.0021304,
    0.0006657,
    0.0001944,
    4.75e-05,
    1.16e-05,
    3e-06
  ],
  "probnt_a=0": [
    0.014272900000000033,
    0.02823909999999996,
    0.05378839999999996,
    0.09959070000000003,
    0.17908780000000002,
    0.30424799999999996,
    0.45769340000000003,
    0.5907816,
    0.6840568,
    0.7471825000000001,
    0.0267984,
    0.048754399999999976,
    0.08640919999999996,
    0.15018509999999996,
    0.254645,
    0.4086742,
    0.5746042,
    0.6949455,
    0.7694548999999999,
    0.8168288,
    0.04874120000000004,
    0.08184990000000003,
    0.1355746,
    0.22033029999999998,
    0.35145329999999997,
    0.5302545000000001,
    0.6921406999999999,
    0.7881302,
    0.8409918000000001,
    0.872991,
    0.08514699999999997,
    0.13307619999999998,
    0.20469530000000002,
    0.31167180000000005,
    0.4670892,
    0.6592717,
    0.7971319,
    0.8625683,
    0.8958641,
    0.9153527,
    0.14177289999999998,
    0.20601999999999998,
    0.2967617,
    0.42292680000000005,
    0.5942562,
    0.7806593,
    0.8783406,
    0.9156499,
    0.9339342,
    0.944845,
    0.22398989999999996,
    0.3046525,
    0.41078139999999996,
    0.5474228,
    0.7195412,
    0.877186,
    0.9318431,
    0.9501428,
    0.9590191,
    0.9645153
  ]
}