{
  "a_li": [
    -1.0,
    -0.9,
    -0.8,
    -0.7,
    -0.6,
    -0.5,
    -0.4,
    -0.3,
    -0.2,
    -0.1,
    0.0,
    0.1,
    0.2,
    0.3,
    0.4,
    0.5,
    0.6,
    0.7,
    0.8,
    0.9,
    1.0
  ],
  "alpha": [
    0.16571840000000004,
    0.1761475,
    0.18825809999999998,
    0.20195739999999995,
    0.21814509999999998,
    0.23692840000000004,
    0.2623485,
    0.28820179999999995,
    0.31882980000000005,
    0.35449759999999997,
    0.3963002,
    0.44476289999999996,
    0.4999585,
    0.5609432999999999,
    0.6243324,
    0.7052912,
    0.7614017,
    0.8043544,
    0.853836,
    0.881224,
    0.9173845
  ],
  "beta": [
    0.3655338,
    0.3417107,
    0.3170062,
    0.2913536,
    0.2653133,
    0.2395196,
    0.2019036,
    0.1775788,
    0.1538982,
    0.1316161,
    0.1103626,
    0.089788,
    0.0709223,
    0.0538824,
    0.0393048,
    0.0258132,
    0.0176076,
    0.0130091,
    0.0083059,
    0.0060161,
    0.0037743
  ],
  "probnt_a=0": [
    0.10915419999999998,
    0.15647460000000002,
    0.22243999999999997,
    0.31205479999999997,
    0.43087929999999997,
    0.5755004,
    0.7137593,
    0.8096844,
    0.8653917,
    0.8979704,
    0.13978290000000004,
    0.19522629999999996,
    0.26958360000000003,
    0.36857490000000004,
    0.4968469,
    0.6479929,
    0.7783361,
    0.8571960000000001,
    0.8985213,
    0.9218876,
    0.1817417,
    0.24572320000000003,
    0.32852970000000004,
    0.43467979999999995,
    0.5696246,
    0.7220904,
    0.8374003999999999,
    0.8960641,
    0.9247058,
    0.9403416,
    0.23736120000000005,
    0.30844079999999996,
    0.3975582,
    0.5079370000000001,
    0.6452602000000001,
    0.7934152,
    0.8861837,
    0.9259101,
    0.9440491,
    0.9540217,
    0.3068641,
    0.3830028,
    0.4746715,
    0.585669,
    0.7203170999999999,
    0.8567179,
    0.923094,
    0.9468305,
    0.9576298,
    0.9638778,
    0.39032540000000004,
    0.46771209999999996,
    0.5578601999999999,
    0.6634225,
    0.7903845,
    0.9073244,
    0.9477661,
    0.9608174,
    0.9670836,
    0.970661
  ]
}