{
  "a_li": [
    -1.0,
    -0.9,
    -0.8,
    -0.7,
    -0.6,
    -0.5,
    -0.4,
    -0.3,
    -0.2,
    -0.1,
    0.0,
    0.1,
    0.2,
    0.3,
    0.4,
    0.5,
    0.6,
    0.7,
    0.8,
    0.9,
    1.0
  ],
  "alpha": [
    0.029032999999999975,
    0.03183130000000001,
    0.03498239999999997,
    0.055064299999999955,
    0.060975699999999966,
    0.07662310000000006,
    0.08608090000000002,
    0.09790410000000005,
    0.11358040000000003,
    0.13350779999999995,
    0.15995079999999995,
    0.233313,
    0.28656879999999996,
    0.3535787,
    0.43534819999999996,
    0.7613941,
    0.8334082,
    0.8943961,
    0.9660728,
    0.9901046,
    0.9951003
  ],
  "beta": [
    0.6996946,
    0.6820992,
    0.6649698,
    0.583562,
    0.5637534,
    0.5073364,
    0.486182,
    0.462592,
    0.4361706,
    0.4062337,
    0.3723409,
    0.2748337,
    0.233672,
    0.1908387,
    0.1479658,
    0.0306159,
    0.0180167,
    0.0093993,
    0.0019706,
    0.0003872,
    0.0001637
  ],
  "probnt_a=0": [
    0.024395999999999973,
    0.037664699999999995,
    0.0593939,
    0.0951398,
    0.15379679999999996,
    0.24453619999999998,
    0.3586777,
    0.462684,
    0.5405546999999999,
    0.5967157000000001,
    0.03564239999999996,
    0.053758399999999984,
    0.08227649999999997,
    0.12809349999999997,
    0.20167959999999996,
    0.31315669999999995,
    0.44015499999999996,
    0.5413919,
    0.6099176,
    0.6567547,
    0.053554300000000055,
    0.07804169999999999,
    0.11537120000000001,
    0.1737151,
    0.26497400000000004,
    0.39710670000000003,
    0.5302063,
    0.6196767000000001,
    0.6756919,
    0.7122122,
    0.08142749999999999,
    0.11396220000000001,
    0.16203769999999995,
    0.2339466,
    0.3440145,
    0.49524520000000005,
    0.6224119,
    0.6935149,
    0.7341332,
    0.7609844,
    0.12282939999999998,
    0.1649566,
    0.2246808,
    0.3101899,
    0.43779369999999995,
    0.6005138999999999,
    0.7070088999999999,
    0.7564045,
    0.7842859,
    0.8023531,
    0.18261190000000005,
    0.23443290000000006,
    0.30462769999999995,
    0.4017358,
    0.5409587,
    0.7021382,
    0.7766866,
    0.8071186,
    0.8246093999999999,
    0.8358187
  ]
}