{
  "a_li": [
    -1.0,
    -0.9,
    -0.8,
    -0.7,
    -0.6,
    -0.5,
    -0.4,
    -0.3,
    -0.2,
    -0.1,
    0.0,
    0.1,
    0.2,
    0.3,
    0.4,
    0.5,
    0.6,
    0.7,
    0.8,
    0.9,
    1.0
  ],
  "alpha": [
    0.08509169999999999,
    0.0910569,
    0.09897999999999996,
    0.10917359999999998,
    0.12256500000000004,
    0.14150569999999996,
    0.1726301,
    0.20975670000000002,
    0.25353250000000005,
    0.3058423,
    0.3684642,
    0.4456557,
    0.5485805,
    0.6596409999999999,
    0.7685615,
    0.8602477,
    0.9747502,
    0.9871386,
    0.9929163,
    0.9958248,
    0.9972801
  ],
  "beta": [
    0.41969,
    0.3793387,
    0.3339973,
    0.2862986,
    0.2404064,
    0.1927909,
    0.1382665,
    0.0993703,
    0.0704005,
    0.0486134,
    0.0324856,
    0.0207826,
    0.0113642,
    0.0062651,
    0.0032156,
    0.0015818,
    9.23e-05,
    5.09e-05,
    2.91e-05,
    2.12e-05,
    1.7e-05
  ],
  "probnt_a=-0.5": [
    0.002311300000000016,
    0.006628999999999996,
    0.018250199999999994,
    0.04763240000000002,
    0.11530229999999997,
    0.24874549999999995,
    0.43451949999999995,
    0.600697,
    0.7117991,
    0.7823555,
    0.00648610000000005,
    0.01584759999999996,
    0.03771429999999998,
    0.0859145,
    0.18466079999999996,
    0.3586353,
    0.5614182999999999,
    0.7084208000000001,
    0.79383,
    0.8441097,
    0.018133999999999983,
    0.0374023,
    0.0759415,
    0.15004379999999995,
    0.28527080000000005,
    0.49277800000000005,
    0.6890914,
    0.8010193,
    0.8584594,
    0.8915225,
    0.04612329999999998,
    0.08140139999999996,
    0.14279679999999995,
    0.2467064,
    0.41426149999999995,
    0.6374155,
    0.7981246,
    0.8708051,
    0.9054222,
    0.9250102,
    0.10262899999999997,
    0.15861159999999996,
    0.24487040000000004,
    0.37408589999999997,
    0.5595796,
    0.7685839999999999,
    0.8772408,
    0.9177019,
    0.9366158,
    0.9476164,
    0.19827989999999995,
    0.27491730000000003,
    0.3802036,
    0.5203909,
    0.6992975,
    0.8677075,
    0.9269546,
    0.9466227,
    0.9563162,
    0.9621489
  ]
}