{
  "a_li": [
    -1.0,
    -0.9,
    -0.8,
    -0.7,
    -0.6,
    -0.5,
    -0.4,
    -0.3,
    -0.2,
    -0.1,
    0.0,
    0.1,
    0.2,
    0.3,
    0.4,
    0.5,
    0.6,
    0.7,
    0.8,
    0.9,
    1.0
  ],
  "alpha": [
    0.010250699999999946,
    0.011334399999999967,
    0.012609399999999993,
    0.014988899999999972,
    0.0171964,
    0.01997020000000005,
    0.02390700000000001,
    0.029358400000000007,
    0.04307159999999999,
    0.05589849999999996,
    0.0781752,
    0.10715549999999996,
    0.16421339999999995,
    0.23167890000000002,
    0.3324184,
    0.445431,
    0.5669799,
    0.7191045,
    0.8116491,
    0.8751474,
    0.9168480999999999
  ],
  "beta": [
    0.87577,
    0.868351,
    0.8595825,
    0.8455123,
    0.833827,
    0.8202105,
    0.8034171,
    0.7830738,
    0.7242202,
    0.691244,
    0.6332453,
    0.5837696,
    0.4867217,
    0.4125016,
    0.315003,
    0.2357595,
    0.165287,
    0.0955641,
    0.059233,
    0.0369671,
    0.0238278
  ],
  "probnt_a=0": [
    0.04376880000000005,
    0.06453160000000002,
    0.09402140000000003,
    0.13541769999999997,
    0.1894886,
    0.25597729999999996,
    0.33034850000000004,
    0.4049545,
    0.47393589999999997,
    0.5334397,
    0.03455280000000005,
    0.05350299999999997,
    0.08152360000000003,
    0.12133050000000001,
    0.17400680000000002,
    0.24009749999999996,
    0.3146021,
    0.39058420000000005,
    0.4617262,
    0.5223276,
    0.028631500000000032,
    0.04623540000000004,
    0.07265140000000003,
    0.11064989999999997,
    0.16263329999999998,
    0.22827030000000004,
    0.30313559999999995,
    0.38083639999999996,
    0.45261549999999995,
    0.5143981,
    0.025673999999999975,
    0.04199660000000005,
    0.06698959999999998,
    0.1033037,
    0.15270680000000003,
    0.2157787,
    0.2886506,
    0.36526309999999995,
    0.43745330000000004,
    0.5006858000000001,
    0.025291700000000028,
    0.041197599999999945,
    0.06486230000000004,
    0.09985960000000005,
    0.1478872,
    0.20867480000000005,
    0.27999189999999996,
    0.35465579999999997,
    0.4254941,
    0.4884642,
    0.027987300000000048,
    0.04361280000000001,
    0.06703440000000005,
    0.10101649999999995,
    0.14760910000000005,
    0.20710759999999995,
    0.27656879999999995,
    0.34987769999999996,
    0.4201032,
    0.4822482
  ]
}