{
  "a_li": [
    -1.0,
    -0.9,
    -0.8,
    -0.7,
    -0.6,
    -0.5,
    -0.4,
    -0.3,
    -0.2,
    -0.1,
    0.0,
    0.1,
    0.2,
    0.3,
    0.4,
    0.5,
    0.6,
    0.7,
    0.8,
    0.9,
    1.0
  ],
  "alpha": [
    0.025159299999999996,
    0.03171349999999995,
    0.03779779999999999,
    0.04321830000000004,
    0.05199900000000002,
    0.06395649999999997,
    0.07892790000000005,
    0.09850170000000003,
    0.13194649999999997,
    0.16941099999999998,
    0.2519384,
    0.32229660000000004,
    0.4111867,
    0.5174837,
    0.6562954999999999,
    0.7991479,
    0.902527,
    0.9667218,
    0.9826058,
    0.9907583,
    0.9948946
  ],
  "beta": [
    0.7229459,
    0.670592,
    0.6133554,
    0.5781025,
    0.5273515,
    0.4795047,
    0.4262097,
    0.3688383,
    0.2962094,
    0.2389066,
    0.1499659,
    0.109549,
    0.0760571,
    0.0496293,
    0.0267787,
    0.0111507,
    0.0033851,
    0.0004682,
    0.0002088,
    0.0001068,
    5.57e-05
  ]
}