{
  "a_li": [
    -1.0,
    -0.9,
    -0.8,
    -0.7,
    -0.6,
    -0.5,
    -0.4,
    -0.3,
    -0.2,
    -0.1,
    0.0,
    0.1,
    0.2,
    0.3,
    0.4,
    0.5,
    0.6,
    0.7,
    0.8,
    0.9,
    1.0
  ],
  "alpha": [
    0.01698999999999995,
    0.02597819999999995,
    0.0399427,
    0.08399009999999996,
    0.11121150000000002,
    0.13734000000000002,
    0.16330440000000002,
    0.1896122,
    0.21879110000000002,
    0.25470740000000003,
    0.30292189999999997,
    0.3723179,
    0.4668169,
    0.5885481,
    0.8931754,
    0.9512366,
    0.9806262,
    0.9926901,
    0.9971866,
    0.9988191,
    0.9994443
  ],
  "beta": [
    0.5817644,
    0.4819058,
    0.375073,
    0.2218419,
    0.1618578,
    0.1230504,
    0.0980953,
    0.0807295,
    0.0669047,
    0.0544268,
    0.042266,
    0.0297917,
    0.0182628,
    0.0093187,
    0.0004159,
    9.25e-05,
    1.91e-05,
    5.2e-06,
    1.4e-06,
    1e-07,
    4e-07
  ]
}