{
  "a_li": [
    -1.0,
    -0.9,
    -0.8,
    -0.7,
    -0.6,
    -0.5,
    -0.4,
    -0.3,
    -0.2,
    -0.1,
    0.0,
    0.1,
    0.2,
    0.3,
    0.4,
    0.5,
    0.6,
    0.7,
    0.8,
    0.9,
    1.0
  ],
  "alpha": [
    0.037419199999999986,
    0.04112539999999998,
    0.051245399999999997,
    0.05723999999999996,
    0.06493300000000002,
    0.06909109999999996,
    0.08241830000000006,
    0.10081450000000003,
    0.12650859999999997,
    0.16315230000000003,
    0.215152,
    0.28742920000000005,
    0.38281010000000004,
    0.4989814,
    0.8417219,
    0.9090614,
    0.9519099,
    0.9759422,
    0.9896491,
    0.9957061,
    0.9978985
  ],
  "beta": [
    0.5049358,
    0.4847423,
    0.4422696,
    0.4211533,
    0.3975958,
    0.3822784,
    0.3507561,
    0.3154726,
    0.2760325,
    0.2323308,
    0.1855549,
    0.137823,
    0.0934798,
    0.0564663,
    0.005139,
    0.0018821,
    0.0006072,
    0.0001877,
    4.99e-05,
    1.04e-05,
    4.4e-06
  ],
  "probnt_a=0": [
    0.020104800000000034,
    0.037091100000000043,
    0.06699949999999999,
    0.11876229999999999,
    0.20451909999999995,
    0.33465069999999997,
    0.49003660000000004,
    0.6201989,
    0.709743,
    0.7696249,
    0.03471999999999997,
    0.05999920000000003,
    0.10211769999999998,
    0.17125100000000004,
    0.28106869999999995,
    0.43803990000000004,
    0.6026066999999999,
    0.7189367,
    0.7898472,
    0.8340306,
    0.05888389999999999,
    0.09547269999999997,
    0.15305610000000003,
    0.24227520000000002,
    0.37747359999999996,
    0.5566614,
    0.7147394,
    0.8064251,
    0.8560229,
    0.8859667,
    0.09680940000000005,
    0.147351,
    0.22266790000000003,
    0.33293609999999996,
    0.49024100000000004,
    0.680849,
    0.8141516,
    0.8756133,
    0.9061687,
    0.9240899,
    0.1538083,
    0.2203885,
    0.31344479999999997,
    0.44164139999999996,
    0.6135058,
    0.7969892000000001,
    0.8896377,
    0.9244729,
    0.9409719,
    0.9510959,
    0.2346026,
    0.3169305,
    0.42414399999999997,
    0.5620921999999999,
    0.7337924,
    0.8880715,
    0.9393335,
    0.9557982,
    0.963787,
    0.9687274
  ]
}