{
  "a_li": [
    -1.0,
    -0.9,
    -0.8,
    -0.7,
    -0.6,
    -0.5,
    -0.4,
    -0.3,
    -0.2,
    -0.1,
    0.0,
    0.1,
    0.2,
    0.3,
    0.4,
    0.5,
    0.6,
    0.7,
    0.8,
    0.9,
    1.0
  ],
  "alpha": [
    0.003481916666666529,
    0.004899583333333624,
    0.0064728933333334515,
    0.007555850000000031,
    0.011648173333333234,
    0.014067529999999828,
    0.017336569999999996,
    0.02187798333333324,
    0.03160786333333332,
    0.04511309666666652,
    0.07391223333333341,
    0.1128522133333334,
    0.20254066333333332,
    0.3122928600000001,
    0.4139650233333332,
    0.5209513233333334,
    0.6232173833333334,
    0.7296965533333334,
    0.7998582266666667,
    0.8535419966666666,
    0.8931295466666667
  ],
  "beta": [
    0.9193079500000001,
    0.8933526766666667,
    0.8703759166666667,
    0.8587835033333332,
    0.8208825733333333,
    0.8040041333333333,
    0.7842377866666665,
    0.7606855700000001,
    0.7132333300000001,
    0.6683854633333334,
    0.5826677233333334,
    0.5136769400000001,
    0.3993831166666667,
    0.2832004933333333,
    0.21987251000000005,
    0.1658501666666666,
    0.12243611666666664,
    0.08127110333333333,
    0.05884523666666666,
    0.04287678666666667,
    0.03167996
  ]
}