{
  "a_li": [
    -1.0,
    -0.9,
    -0.8,
    -0.7,
    -0.6,
    -0.5,
    -0.4,
    -0.3,
    -0.2,
    -0.1,
    0.0,
    0.1,
    0.2,
    0.3,
    0.4,
    0.5,
    0.6,
    0.7,
    0.8,
    0.9,
    1.0
  ],
  "alpha": [
    0.03330440000000001,
    0.036371799999999954,
    0.04014519999999999,
    0.044957899999999995,
    0.05099149999999997,
    0.05934280000000003,
    0.07041370000000002,
    0.09205620000000003,
    0.11532569999999998,
    0.14864509999999997,
    0.19728009999999996,
    0.27711450000000004,
    0.3724809,
    0.4918943,
    0.8444173,
    0.9197683,
    0.9606626,
    0.9820981,
    0.9920722,
    0.9965998,
    0.9987956
  ],
  "beta": [
    0.494262,
    0.4770076,
    0.4584235,
    0.4385736,
    0.4171411,
    0.392083,
    0.3637422,
    0.3290923,
    0.291133,
    0.248069,
    0.200318,
    0.1468732,
    0.0999116,
    0.059723,
    0.0051478,
    0.0017047,
    0.000503,
    0.0001355,
    3.73e-05,
    8.3e-06,
    1.5e-06
  ],
  "probnt_a=0": [
    0.014524800000000004,
    0.028496500000000036,
    0.0542878,
    0.10053460000000003,
    0.18051130000000004,
    0.3061882,
    0.4603709,
    0.5938222,
    0.6867243000000001,
    0.7498731000000001,
    0.02725770000000005,
    0.049391399999999974,
    0.08731250000000002,
    0.15120460000000002,
    0.2563086,
    0.41079489999999996,
    0.5771254,
    0.6981785,
    0.7720193,
    0.8193010000000001,
    0.04946139999999999,
    0.08283879999999999,
    0.13639179999999995,
    0.22133519999999995,
    0.3532925,
    0.5323726,
    0.694481,
    0.7906698,
    0.8433516,
    0.8749833,
    0.0859046,
    0.13373999999999997,
    0.2057287,
    0.3128582,
    0.468693,
    0.6618033,
    0.7993203,
    0.864667,
    0.8976435,
    0.9168893,
    0.14266310000000004,
    0.20696570000000003,
    0.2973118,
    0.42380969999999996,
    0.5955363,
    0.7830258999999999,
    0.8802463,
    0.9174749,
    0.9355087,
    0.9461713,
    0.22455979999999998,
    0.30513310000000005,
    0.41096029999999995,
    0.5481947,
    0.7208156,
    0.8793438,
    0.9336955,
    0.9515419,
    0.9602576,
    0.9656302999999999
  ]
}