{
  "a_li": [
    -1.0,
    -0.9,
    -0.8,
    -0.7,
    -0.6,
    -0.5,
    -0.4,
    -0.3,
    -0.2,
    -0.1,
    0.0,
    0.1,
    0.2,
    0.3,
    0.4,
    0.5,
    0.6,
    0.7,
    0.8,
    0.9,
    1.0
  ],
  "alpha": [
    0.017857699999999976,
    0.01922619999999997,
    0.02530560000000004,
    0.027618800000000054,
    0.030383099999999996,
    0.03396089999999996,
    0.038350499999999954,
    0.04429289999999997,
    0.0519037,
    0.06232190000000004,
    0.07675319999999997,
    0.10701859999999996,
    0.1372044,
    0.22274879999999997,
    0.2905276,
    0.37578849999999997,
    0.5439593,
    0.622441,
    0.6886258000000001,
    0.7433869,
    0.787027
  ],
  "beta": [
    0.8587011,
    0.8521063,
    0.826327,
    0.8181465,
    0.8089131,
    0.7988814,
    0.7867974,
    0.7728673,
    0.7565302,
    0.7367375,
    0.7129923,
    0.6396816,
    0.6007893,
    0.4837457,
    0.4204132,
    0.3514252,
    0.2213758,
    0.1773814,
    0.1428737,
    0.1163644,
    0.0965315
  ],
  "probnt_a=0": [
    0.04972310000000002,
    0.06520559999999997,
    0.0868253,
    0.11632529999999996,
    0.15556199999999998,
    0.2039702,
    0.25890880000000005,
    0.31502209999999997,
    0.3675273,
    0.4133116,
    0.04071630000000004,
    0.05531830000000004,
    0.07572999999999996,
    0.1041704,
    0.14171889999999998,
    0.18835440000000003,
    0.24155119999999997,
    0.2976126,
    0.35057760000000004,
    0.397632,
    0.035466600000000015,
    0.049236500000000016,
    0.06888000000000005,
    0.09638449999999998,
    0.13322829999999997,
    0.17959599999999998,
    0.23267439999999995,
    0.2892857,
    0.3431632,
    0.39123870000000005,
    0.03370680000000004,
    0.046945899999999985,
    0.06609290000000001,
    0.09306829999999999,
    0.12906090000000003,
    0.1747609,
    0.22793490000000005,
    0.2841534,
    0.33914449999999996,
    0.3878418,
    0.03507349999999998,
    0.04850089999999996,
    0.06751439999999997,
    0.0942499,
    0.13001439999999997,
    0.17505309999999996,
    0.227873,
    0.2835831,
    0.33730879999999996,
    0.3862128,
    0.03978040000000005,
    0.05344899999999997,
    0.07312379999999996,
    0.1000936,
    0.1360399,
    0.18123069999999997,
    0.23329350000000004,
    0.2881119,
    0.34075560000000005,
    0.3884788
  ]
}