{
  "a_li": [
    -1.0,
    -0.9,
    -0.8,
    -0.7,
    -0.6,
    -0.5,
    -0.4,
    -0.3,
    -0.2,
    -0.1,
    0.0,
    0.1,
    0.2,
    0.3,
    0.4,
    0.5,
    0.6,
    0.7,
    0.8,
    0.9,
    1.0
  ],
  "alpha": [
    0.04173579999999999,
    0.046706000000000025,
    0.05377169999999998,
    0.07007819999999998,
    0.08520209999999995,
    0.1066741,
    0.12902029999999998,
    0.15597660000000002,
    0.18741039999999998,
    0.22887310000000005,
    0.28340509999999997,
    0.35704369999999996,
    0.4767483,
    0.5962081,
    0.7158736,
    0.8187895000000001,
    0.9683064,
    0.9843411,
    0.9921277,
    0.995779,
    0.9975749
  ],
  "beta": [
    0.5598534,
    0.5232282,
    0.4778965,
    0.3890435,
    0.3299309,
    0.2684258,
    0.2195305,
    0.1785151,
    0.1442375,
    0.1126152,
    0.084398,
    0.059283,
    0.0314457,
    0.0173739,
    0.0087515,
    0.0040444,
    0.0001774,
    6.91e-05,
    3.32e-05,
    1.45e-05,
    1.08e-05
  ]
}