{
  "a_li": [
    -1.0,
    -0.9,
    -0.8,
    -0.7,
    -0.6,
    -0.5,
    -0.4,
    -0.3,
    -0.2,
    -0.1,
    0.0,
    0.1,
    0.2,
    0.3,
    0.4,
    0.5,
    0.6,
    0.7,
    0.8,
    0.9,
    1.0
  ],
  "alpha": [
    0.010757099999999964,
    0.01234729999999995,
    0.014272199999999957,
    0.016389600000000004,
    0.01907800000000004,
    0.022486499999999965,
    0.02671369999999995,
    0.03801069999999995,
    0.04697680000000004,
    0.06057939999999995,
    0.08920589999999995,
    0.13067689999999998,
    0.19104469999999996,
    0.2811521,
    0.39877910000000005,
    0.5323013,
    0.6604083000000001,
    0.7675651,
    0.8468292,
    0.9077516999999999,
    0.9415361
  ],
  "beta": [
    0.858546,
    0.8433777,
    0.826846,
    0.8091059,
    0.790785,
    0.7711206,
    0.7493114,
    0.6913704,
    0.6619255,
    0.6255127,
    0.5619308,
    0.4931517,
    0.4166264,
    0.3289276,
    0.2403271,
    0.1628319,
    0.1032579,
    0.0630583,
    0.0380028,
    0.0204288,
    0.0124376
  ],
  "probnt_a=0": [
    0.042607199999999956,
    0.06637519999999997,
    0.10122019999999998,
    0.15050090000000005,
    0.21616990000000003,
    0.29642219999999997,
    0.38521700000000003,
    0.472569,
    0.5510416,
    0.6158724,
    0.034101999999999966,
    0.056126200000000015,
    0.08934529999999996,
    0.1373742,
    0.20173549999999996,
    0.2815632,
    0.37089289999999997,
    0.4596433,
    0.5398516,
    0.6069404,
    0.029105099999999995,
    0.049772599999999945,
    0.08169850000000001,
    0.1283727,
    0.19200499999999998,
    0.2717178,
    0.3611196,
    0.4512771,
    0.5323815000000001,
    0.6002018,
    0.026920000000000055,
    0.046701800000000016,
    0.07756649999999998,
    0.12270519999999996,
    0.1847955,
    0.26233320000000004,
    0.3507525,
    0.43986289999999995,
    0.5216813,
    0.5909247,
    0.027136700000000014,
    0.04649510000000001,
    0.07649419999999996,
    0.12083259999999996,
    0.1813363,
    0.2579049,
    0.34494329999999995,
    0.43383629999999995,
    0.5149294,
    0.5838692,
    0.029723100000000002,
    0.04882770000000003,
    0.0787911,
    0.12230010000000002,
    0.1816664,
    0.2568142,
    0.34245780000000003,
    0.42978760000000005,
    0.5100875,
    0.5785182
  ]
}