{
  "a_li": [
    -1.0,
    -0.9,
    -0.8,
    -0.7,
    -0.6,
    -0.5,
    -0.4,
    -0.3,
    -0.2,
    -0.1,
    0.0,
    0.1,
    0.2,
    0.3,
    0.4,
    0.5,
    0.6,
    0.7,
    0.8,
    0.9,
    1.0
  ],
  "alpha": [
    0.15244120000000005,
    0.16679540000000004,
    0.18295470000000003,
    0.20085200000000003,
    0.2213562,
    0.24483770000000005,
    0.2717233,
    0.30202819999999997,
    0.33591380000000004,
    0.37371299999999996,
    0.4153869,
    0.4611377,
    0.5097921000000001,
    0.5609791,
    0.6126887999999999,
    0.6690558,
    0.7174127,
    0.7614289,
    0.8009352000000001,
    0.8354267,
    0.8646097
  ],
  "beta": [
    0.2483775,
    0.2265437,
    0.2059224,
    0.1859607,
    0.1667352,
    0.1483405,
    0.1304733,
    0.1138196,
    0.0979208,
    0.0829297,
    0.0687815,
    0.0556124,
    0.0439952,
    0.0340969,
    0.0257262,
    0.0180074,
    0.0128716,
    0.0090992,
    0.0063798,
    0.0044274,
    0.0031245
  ],
  "probnt_a=0": [
    0.09167400000000003,
    0.14349749999999994,
    0.21705180000000002,
    0.31803020000000004,
    0.45218800000000003,
    0.6114364999999999,
    0.7587657,
    0.8552303,
    0.9076676,
    0.9362562,
    0.12429650000000003,
    0.18609920000000002,
    0.27084909999999995,
    0.3830165,
    0.5271158,
    0.6915766,
    0.826789,
    0.901537,
    0.937991,
    0.9567443,
    0.17045370000000004,
    0.24309420000000004,
    0.33782100000000004,
    0.45866070000000003,
    0.6086182,
    0.7707888,
    0.8846049,
    0.9368649,
    0.9597041,
    0.9712902,
    0.2323689,
    0.3143408,
    0.41689509999999996,
    0.5423908,
    0.6924952,
    0.8437854,
    0.9293204,
    0.9611649,
    0.9742573,
    0.9810337,
    0.31135199999999996,
    0.40021039999999997,
    0.5060454999999999,
    0.6298980000000001,
    0.7731956,
    0.9042869,
    0.9597187,
    0.9767027,
    0.9834488,
    0.9871735,
    0.4066094,
    0.4981053,
    0.6008854,
    0.7163092,
    0.8442622,
    0.9479244,
    0.9774862,
    0.9855491,
    0.988954,
    0.9908871
  ]
}