{
  "a_li": [
    -1.0,
    -0.9,
    -0.8,
    -0.7,
    -0.6,
    -0.5,
    -0.4,
    -0.3,
    -0.2,
    -0.1,
    0.0,
    0.1,
    0.2,
    0.3,
    0.4,
    0.5,
    0.6,
    0.7,
    0.8,
    0.9,
    1.0
  ],
  "alpha": [
    0.13342449999999995,
    0.14190689999999995,
    0.15625809999999996,
    0.16782889999999995,
    0.1858902,
    0.20853160000000004,
    0.23009460000000004,
    0.25598659999999995,
    0.32151810000000003,
    0.3611468,
    0.40670759999999995,
    0.4582102,
    0.5148264,
    0.5752765,
    0.6367092,
    0.6960525,
    0.7511816,
    0.7996267,
    0.8406229000000001,
    0.8744366,
    0.9018805
  ],
  "beta": [
    0.3584647,
    0.3363975,
    0.3058912,
    0.2831933,
    0.255427,
    0.2290695,
    0.2060519,
    0.1820766,
    0.1421502,
    0.1204128,
    0.099263,
    0.0797079,
    0.0622298,
    0.0470372,
    0.0347028,
    0.0249535,
    0.0177434,
    0.0124799,
    0.0087245,
    0.0062396,
    0.0044546
  ],
  "probnt_a=0": [
    0.10544379999999998,
    0.15306750000000002,
    0.21939909999999996,
    0.31058529999999995,
    0.43170850000000005,
    0.5795736,
    0.720281,
    0.8173075,
    0.8734394,
    0.9054649,
    0.13778400000000002,
    0.1944055,
    0.2704784,
    0.37163250000000003,
    0.5023124999999999,
    0.6558293,
    0.7880384,
    0.8666658,
    0.9072916,
    0.9299855,
    0.1834325,
    0.2487467,
    0.3336741,
    0.442396,
    0.5795475999999999,
    0.7333654000000001,
    0.8486456,
    0.9063708,
    0.9337721999999999,
    0.9485702,
    0.24380199999999996,
    0.31740389999999996,
    0.40864979999999995,
    0.521502,
    0.6601003999999999,
    0.8073412,
    0.898315,
    0.935747,
    0.9527751,
    0.9619717,
    0.32013840000000005,
    0.39894280000000004,
    0.49333950000000004,
    0.6056251,
    0.7393708,
    0.8716254999999999,
    0.9342033,
    0.9560574,
    0.9658766,
    0.9713816,
    0.41184410000000005,
    0.49232109999999996,
    0.5841931,
    0.6893723,
    0.8118652,
    0.9211229,
    0.9577131,
    0.9690714,
    0.9744842,
    0.9776992
  ]
}