{
  "a_li": [
    -1.0,
    -0.9,
    -0.8,
    -0.7,
    -0.6,
    -0.5,
    -0.4,
    -0.3,
    -0.2,
    -0.1,
    0.0,
    0.1,
    0.2,
    0.3,
    0.4,
    0.5,
    0.6,
    0.7,
    0.8,
    0.9,
    1.0
  ],
  "alpha": [
    0.14401529999999996,
    0.1487931,
    0.15319669999999996,
    0.15957529999999998,
    0.16680189999999995,
    0.1734118,
    0.18004160000000002,
    0.193048,
    0.20392390000000005,
    0.22153009999999995,
    0.2419175,
    0.26713450000000005,
    0.29896049999999996,
    0.33018289999999995,
    0.3650472,
    0.40227880000000005,
    0.4395717,
    0.4697785,
    0.49974399999999997,
    0.5269771999999999,
    0.5761564
  ],
  "beta": [
    0.6299615,
    0.6206669,
    0.6120401,
    0.5993386,
    0.5861682,
    0.5773859,
    0.5638505,
    0.5452603,
    0.5317739,
    0.5088607,
    0.4934664,
    0.465291,
    0.4315559,
    0.4029219,
    0.3744638,
    0.3505059,
    0.3234488,
    0.3048579,
    0.2851152,
    0.2682453,
    0.2425247
  ],
  "probnt_a=0": [
    0.12126060000000005,
    0.1383685,
    0.1623194,
    0.1959904,
    0.24292400000000003,
    0.30654939999999997,
    0.38009079999999995,
    0.44479219999999997,
    0.4917262,
    0.525045,
    0.13509130000000003,
    0.1550726,
    0.18286729999999995,
    0.22094179999999997,
    0.27348760000000005,
    0.3435095,
    0.420025,
    0.4803526,
    0.5205481000000001,
    0.5479564,
    0.15474529999999997,
    0.17809969999999997,
    0.20976039999999996,
    0.25206930000000005,
    0.30968929999999995,
    0.38554299999999997,
    0.46105799999999997,
    0.5133383,
    0.5465365,
    0.5682483,
    0.18059999999999998,
    0.2071771,
    0.24292760000000002,
    0.28930769999999995,
    0.3512524,
    0.4307322,
    0.5004567,
    0.5429476,
    0.5680236000000001,
    0.5851801,
    0.21332569999999995,
    0.2437239,
    0.28233470000000005,
    0.33212379999999997,
    0.396972,
    0.4764923,
    0.5352085,
    0.5666009000000001,
    0.5859353,
    0.5984779,
    0.2539289,
    0.2869653,
    0.32834589999999997,
    0.3801835,
    0.444762,
    0.5191007000000001,
    0.5629786999999999,
    0.585395,
    0.5994463,
    0.6090907999999999
  ]
}