{
  "a_li": [
    -1.0,
    -0.9,
    -0.8,
    -0.7,
    -0.6,
    -0.5,
    -0.4,
    -0.3,
    -0.2,
    -0.1,
    0.0,
    0.1,
    0.2,
    0.3,
    0.4,
    0.5,
    0.6,
    0.7,
    0.8,
    0.9,
    1.0
  ],
  "alpha": [
    0.015120899999999993,
    0.016806199999999993,
    0.020480500000000013,
    0.022933399999999993,
    0.02604300000000004,
    0.030093000000000036,
    0.03585780000000005,
    0.054325999999999985,
    0.06887810000000005,
    0.089831,
    0.12020739999999996,
    0.17258459999999998,
    0.2346163,
    0.3169187,
    0.43683209999999995,
    0.5915333,
    0.7290654999999999,
    0.8281251000000001,
    0.9172873,
    0.943316,
    0.9598598
  ],
  "beta": [
    0.8538843,
    0.8444563,
    0.822347,
    0.8115143,
    0.7990358,
    0.7840167,
    0.7657671,
    0.7056395,
    0.6741604,
    0.6361917,
    0.5887134,
    0.5102058,
    0.4447136,
    0.3711218,
    0.2700253,
    0.1772595,
    0.1076716,
    0.0652179,
    0.0306129,
    0.0220051,
    0.0168053
  ],
  "probnt_a=0": [
    0.07740069999999999,
    0.10312650000000001,
    0.1368646,
    0.1808904,
    0.23515160000000002,
    0.2989077,
    0.36738669999999995,
    0.43387909999999996,
    0.49373639999999996,
    0.5440647000000001,
    0.06576579999999999,
    0.09065540000000005,
    0.12428890000000004,
    0.1677596,
    0.222283,
    0.2860431,
    0.3551063,
    0.4233631,
    0.4851677,
    0.5379195999999999,
    0.05792509999999995,
    0.08163719999999997,
    0.11457150000000005,
    0.15787410000000002,
    0.21233270000000004,
    0.27769330000000003,
    0.34804159999999995,
    0.4181249,
    0.4818279,
    0.5359894000000001,
    0.0530699,
    0.07615859999999997,
    0.1084136,
    0.15116810000000003,
    0.20530199999999998,
    0.2703405,
    0.3416194,
    0.41267790000000004,
    0.4777566,
    0.5334025,
    0.051666300000000054,
    0.07442179999999998,
    0.10590889999999997,
    0.14825279999999996,
    0.20275770000000004,
    0.2680131,
    0.34014049999999996,
    0.4124213,
    0.47824049999999996,
    0.5344534000000001,
    0.05385240000000002,
    0.07587480000000002,
    0.10720980000000002,
    0.14913739999999998,
    0.20318979999999998,
    0.268174,
    0.34048880000000004,
    0.41339230000000005,
    0.4801407,
    0.5372109
  ]
}