{
  "a_li": [
    -1.0,
    -0.9,
    -0.8,
    -0.7,
    -0.6,
    -0.5,
    -0.4,
    -0.3,
    -0.2,
    -0.1,
    0.0,
    0.1,
    0.2,
    0.3,
    0.4,
    0.5,
    0.6,
    0.7,
    0.8,
    0.9,
    1.0
  ],
  "alpha": [
    0.03715900000000005,
    0.041010800000000014,
    0.046085299999999996,
    0.053669599999999984,
    0.06412799999999996,
    0.0780459,
    0.09900560000000003,
    0.12398419999999999,
    0.16049429999999998,
    0.20455080000000003,
    0.27382150000000005,
    0.363089,
    0.46531809999999996,
    0.6000377,
    0.725579,
    0.8408962,
    0.9237311,
    0.9685061,
    0.9826882,
    0.9899664,
    0.9938699
  ],
  "beta": [
    0.6635057,
    0.6285455,
    0.5830146,
    0.5316179,
    0.4718903,
    0.4070935,
    0.3325171,
    0.27073,
    0.2030152,
    0.1528702,
    0.1040723,
    0.0661768,
    0.0405477,
    0.0187365,
    0.0093597,
    0.0040643,
    0.0013443,
    0.0002868,
    0.0001704,
    0.0001105,
    7.37e-05
  ],
  "probnt_a=-0.5": [
    0.0017808000000000268,
    0.004176599999999975,
    0.010027299999999961,
    0.02466029999999997,
    0.05968830000000003,
    0.13445010000000002,
    0.25341880000000006,
    0.3765638,
    0.4731934,
    0.5432615000000001,
    0.004122999999999988,
    0.008999300000000043,
    0.019913300000000023,
    0.04466619999999999,
    0.09944699999999995,
    0.20693419999999996,
    0.3536616,
    0.47922010000000004,
    0.5648207000000001,
    0.6228049,
    0.010345500000000007,
    0.020121599999999962,
    0.04014379999999995,
    0.08104679999999997,
    0.16297830000000002,
    0.3078841,
    0.47072820000000004,
    0.5830698000000001,
    0.6505283,
    0.6938021,
    0.025095199999999984,
    0.04371599999999998,
    0.07815870000000003,
    0.140687,
    0.25451670000000004,
    0.4327478,
    0.590015,
    0.6763738,
    0.7236153000000001,
    0.7533706,
    0.055973700000000015,
    0.08834730000000002,
    0.14117000000000002,
    0.22768460000000001,
    0.3706863,
    0.5660452,
    0.6945348,
    0.7514683,
    0.7813717,
    0.7998810000000001,
    0.1128477,
    0.16110400000000002,
    0.23268330000000004,
    0.3390531,
    0.49894380000000005,
    0.6885361,
    0.7740317999999999,
    0.8067969,
    0.8237762,
    0.834374
  ]
}