{
  "a_li": [
    -1.0,
    -0.9,
    -0.8,
    -0.7,
    -0.6,
    -0.5,
    -0.4,
    -0.3,
    -0.2,
    -0.1,
    0.0,
    0.1,
    0.2,
    0.3,
    0.4,
    0.5,
    0.6,
    0.7,
    0.8,
    0.9,
    1.0
  ],
  "alpha": [
    0.1004585,
    0.10609610000000003,
    0.11313229999999996,
    0.12113750000000001,
    0.12765099999999996,
    0.13846800000000004,
    0.1513561,
    0.16681330000000005,
    0.18498910000000002,
    0.20625510000000002,
    0.2324448,
    0.2612921,
    0.29389529999999997,
    0.32939850000000004,
    0.3683094,
    0.4067018,
    0.4439681,
    0.4985891,
    0.5388275,
    0.5779098,
    0.6138522
  ],
  "beta": [
    0.5250247,
    0.5062927,
    0.4870449,
    0.4667647,
    0.4527676,
    0.4310077,
    0.4076032,
    0.3836142,
    0.3590289,
    0.3338877,
    0.3044513,
    0.2785294,
    0.2512757,
    0.2257904,
    0.2009554,
    0.180935,
    0.1607317,
    0.1343595,
    0.1186538,
    0.1050572,
    0.0934617
  ],
  "probnt_a=0": [
    0.06026620000000005,
    0.08553060000000001,
    0.12340050000000002,
    0.17938390000000004,
    0.2620382,
    0.37721039999999995,
    0.5070271,
    0.6134637000000001,
    0.6844745999999999,
    0.7303906,
    0.07572270000000003,
    0.10605750000000003,
    0.15085610000000005,
    0.21588450000000003,
    0.30969080000000004,
    0.43716010000000005,
    0.5702809,
    0.666543,
    0.7245981,
    0.760725,
    0.0979352,
    0.13493739999999999,
    0.18696520000000005,
    0.2605486,
    0.3651999,
    0.5033445,
    0.6328564999999999,
    0.7127095999999999,
    0.7574147,
    0.7848519,
    0.12923399999999996,
    0.17254020000000003,
    0.23189110000000002,
    0.3139128,
    0.4277527,
    0.5730029,
    0.6889801,
    0.7502626,
    0.7826614000000001,
    0.8026394,
    0.16978420000000005,
    0.2197403,
    0.28592989999999996,
    0.37417500000000004,
    0.4940432,
    0.6399617,
    0.7344719,
    0.7776389,
    0.8005971000000001,
    0.8150174,
    0.22109230000000002,
    0.2768745,
    0.3488962,
    0.4405529,
    0.5608298,
    0.6988905000000001,
    0.7673236999999999,
    0.7958187999999999,
    0.8120864999999999,
    0.8226993
  ]
}