{
  "a_li": [
    -1.0,
    -0.9,
    -0.8,
    -0.7,
    -0.6,
    -0.5,
    -0.4,
    -0.3,
    -0.2,
    -0.1,
    0.0,
    0.1,
    0.2,
    0.3,
    0.4,
    0.5,
    0.6,
    0.7,
    0.8,
    0.9,
    1.0
  ],
  "alpha": [
    0.03239840000000005,
    0.03533569999999997,
    0.038897700000000035,
    0.04363399999999995,
    0.04983409999999999,
    0.057892000000000055,
    0.06904739999999998,
    0.08480140000000003,
    0.10725150000000006,
    0.13949880000000003,
    0.18605479999999996,
    0.25318549999999995,
    0.3683394,
    0.485541,
    0.6146499999999999,
    0.9058398,
    0.9527099,
    0.9767938,
    0.9888505,
    0.9946242,
    0.9972727
  ],
  "beta": [
    0.5323755,
    0.5142824,
    0.4947759,
    0.4732622,
    0.44885,
    0.4218093,
    0.3904861,
    0.3545547,
    0.3147327,
    0.2689824,
    0.218862,
    0.1670078,
    0.1086276,
    0.066884,
    0.036341,
    0.0024667,
    0.0007862,
    0.0002416,
    7.91e-05,
    2.44e-05,
    9.2e-06
  ],
  "probnt_a=0": [
    0.015097899999999997,
    0.028736399999999995,
    0.053780599999999956,
    0.09827129999999995,
    0.17516220000000005,
    0.29669449999999997,
    0.44639130000000005,
    0.576817,
    0.6692751,
    0.732121,
    0.02685280000000001,
    0.047963199999999984,
    0.08404809999999996,
    0.14537509999999998,
    0.24608719999999995,
    0.39603809999999995,
    0.5593688,
    0.6794035,
    0.7542094,
    0.8017769,
    0.04695830000000001,
    0.0784087,
    0.12913719999999995,
    0.21018669999999995,
    0.33733539999999995,
    0.5131931000000001,
    0.6746585,
    0.7722452,
    0.8262752,
    0.8590673,
    0.07960670000000003,
    0.12417829999999996,
    0.19235020000000003,
    0.2950266,
    0.44718800000000003,
    0.6397957000000001,
    0.779997,
    0.8478449,
    0.882317,
    0.9030507,
    0.13004349999999998,
    0.19048310000000002,
    0.277103,
    0.3992837,
    0.5705848,
    0.7613863,
    0.8634153,
    0.9034407,
    0.9228524,
    0.934748,
    0.20442680000000002,
    0.2808197,
    0.3833153,
    0.5187660000000001,
    0.6943397,
    0.861194,
    0.9202944,
    0.9402999,
    0.9503908,
    0.9565512
  ]
}