{
  "a_li": [
    -1.0,
    -0.9,
    -0.8,
    -0.7,
    -0.6,
    -0.5,
    -0.4,
    -0.3,
    -0.2,
    -0.1,
    0.0,
    0.1,
    0.2,
    0.3,
    0.4,
    0.5,
    0.6,
    0.7,
    0.8,
    0.9,
    1.0
  ],
  "alpha": [
    0.044182383333333575,
    0.05323991666666683,
    0.0649421933333334,
    0.07955739666666661,
    0.09995062666666665,
    0.14611928000000018,
    0.17790821666666667,
    0.21786072999999995,
    0.26631438333333357,
    0.32284298333333317,
    0.38749606999999997,
    0.46747931,
    0.6642887566666666,
    0.7679537166666667,
    0.8712817766666667,
    0.94660126,
    0.98252639,
    0.99469869,
    0.99829939,
    0.9993980766666667,
    0.9997542333333334
  ],
  "beta": [
    0.49133373,
    0.4256565266666667,
    0.3568347766666667,
    0.29164391,
    0.2304266833333333,
    0.15322312,
    0.11364379000000001,
    0.07881340333333335,
    0.05127327333333333,
    0.03176758666666667,
    0.018849710000000006,
    0.01021203,
    0.0017809166666666668,
    0.00058243,
    0.0001297,
    1.8873333333333334e-05,
    2.4133333333333332e-06,
    4.1000000000000004e-07,
    1.2666666666666666e-07,
    1.3333333333333334e-07,
    1.0999999999999999e-07
  ]
}