{
  "a_li": [
    -1.0,
    -0.9,
    -0.8,
    -0.7,
    -0.6,
    -0.5,
    -0.4,
    -0.3,
    -0.2,
    -0.1,
    0.0,
    0.1,
    0.2,
    0.3,
    0.4,
    0.5,
    0.6,
    0.7,
    0.8,
    0.9,
    1.0
  ],
  "alpha": [
    0.02246300000000001,
    0.03155730000000001,
    0.04452979999999995,
    0.061523400000000006,
    0.10987159999999996,
    0.13979889999999995,
    0.16930270000000003,
    0.19823239999999998,
    0.2297652,
    0.27221779999999995,
    0.32157650000000004,
    0.39000159999999995,
    0.48667020000000005,
    0.6030039,
    0.8968201,
    0.9517217,
    0.9796953,
    0.9918445,
    0.9966276,
    0.9984729,
    0.9992335
  ],
  "beta": [
    0.5469741,
    0.4632873,
    0.3739104,
    0.2913201,
    0.1765167,
    0.1330794,
    0.1027006,
    0.0822396,
    0.0664604,
    0.051866,
    0.0393539,
    0.0275312,
    0.0163926,
    0.0083249,
    0.0003564,
    9.2e-05,
    2.13e-05,
    5.2e-06,
    1.8e-06,
    5e-07,
    6e-07
  ]
}