{
  "a_li": [
    -1.0,
    -0.9,
    -0.8,
    -0.7,
    -0.6,
    -0.5,
    -0.4,
    -0.3,
    -0.2,
    -0.1,
    0.0,
    0.1,
    0.2,
    0.3,
    0.4,
    0.5,
    0.6,
    0.7,
    0.8,
    0.9,
    1.0
  ],
  "alpha": [
    0.0037714166666666937,
    0.0042026433333332,
    0.004715696666666602,
    0.005343670000000134,
    0.006490229999999708,
    0.008644006666666537,
    0.011383730000000036,
    0.013347926666666732,
    0.015909850000000003,
    0.021085139999999836,
    0.02816284999999996,
    0.03694556999999998,
    0.056891986666666505,
    0.10331994000000011,
    0.1626210600000001,
    0.24392612999999985,
    0.4758052100000002,
    0.6120704133333332,
    0.7347034399999999,
    0.8310284966666667,
    0.8982496833333333
  ],
  "beta": [
    0.8918367866666668,
    0.8830745800000002,
    0.8732788566666667,
    0.8623590733333332,
    0.8414568766666668,
    0.8070520366666666,
    0.7710495766666665,
    0.752073533333333,
    0.7313995466666667,
    0.6907593266666667,
    0.6486050133333333,
    0.61322056,
    0.5389846099999999,
    0.44359071,
    0.34945348,
    0.2725477566666666,
    0.13261927666666665,
    0.08303202000000001,
    0.04900264666666666,
    0.02774675333333334,
    0.01542127666666667
  ]
}