{
  "a_li": [
    -1.0,
    -0.9,
    -0.8,
    -0.7,
    -0.6,
    -0.5,
    -0.4,
    -0.3,
    -0.2,
    -0.1,
    0.0,
    0.1,
    0.2,
    0.3,
    0.4,
    0.5,
    0.6,
    0.7,
    0.8,
    0.9,
    1.0
  ],
  "alpha": [
    0.011635799999999974,
    0.012846299999999977,
    0.014270099999999952,
    0.01606070000000004,
    0.02183219999999997,
    0.02712060000000005,
    0.0296419,
    0.036490299999999976,
    0.05510000000000004,
    0.07572559999999995,
    0.10683480000000001,
    0.15186310000000003,
    0.21411610000000003,
    0.3022732,
    0.43591840000000004,
    0.6347232,
    0.7643278,
    0.8422499,
    0.8975282,
    0.9555641,
    0.9692606
  ],
  "beta": [
    0.9091247,
    0.903995,
    0.898018,
    0.8907175,
    0.8617014,
    0.8395631,
    0.8352406,
    0.8186708,
    0.774495,
    0.7368988,
    0.6881281,
    0.6280096,
    0.5584227,
    0.4765759,
    0.3746695,
    0.2298009,
    0.1541044,
    0.1099448,
    0.0767034,
    0.0357217,
    0.0270342
  ],
  "probnt_a=0": [
    0.0690809,
    0.08654640000000002,
    0.10921440000000004,
    0.13908140000000002,
    0.17583020000000005,
    0.21957150000000003,
    0.2675896,
    0.31608159999999996,
    0.3622016,
    0.4023962,
    0.06064820000000004,
    0.07812260000000004,
    0.1015085,
    0.13098489999999996,
    0.16814229999999997,
    0.21234359999999997,
    0.260856,
    0.31062959999999995,
    0.35757589999999995,
    0.398992,
    0.05618639999999997,
    0.07416730000000005,
    0.09777950000000002,
    0.1278323,
    0.16533869999999995,
    0.20978819999999998,
    0.25877570000000005,
    0.3087044,
    0.3558017,
    0.39726079999999997,
    0.05538310000000002,
    0.07405019999999995,
    0.09796190000000005,
    0.12899760000000005,
    0.16742159999999995,
    0.2123948,
    0.26162490000000005,
    0.3115108,
    0.3587399,
    0.39990539999999997,
    0.05783079999999996,
    0.07704,
    0.10211899999999996,
    0.13412100000000005,
    0.17404560000000002,
    0.22078370000000003,
    0.2716617,
    0.3227476,
    0.36963959999999996,
    0.4106586,
    0.06385110000000005,
    0.0834684,
    0.10927549999999997,
    0.14259829999999996,
    0.18312070000000003,
    0.23025209999999996,
    0.281409,
    0.332307,
    0.3787062,
    0.4190368
  ]
}