{
  "a_li": [
    -1.0,
    -0.9,
    -0.8,
    -0.7,
    -0.6,
    -0.5,
    -0.4,
    -0.3,
    -0.2,
    -0.1,
    0.0,
    0.1,
    0.2,
    0.3,
    0.4,
    0.5,
    0.6,
    0.7,
    0.8,
    0.9,
    1.0
  ],
  "alpha": [
    0.1777972,
    0.190809,
    0.20632079999999997,
    0.22464050000000002,
    0.24689309999999998,
    0.27278040000000003,
    0.30280870000000004,
    0.3379069,
    0.37838190000000005,
    0.42541019999999996,
    0.5359314,
    0.6282536000000001,
    0.6732387,
    0.7187513,
    0.7524474999999999,
    0.7917913,
    0.8252933,
    0.8537147,
    0.8771139,
    0.8960874,
    0.9116316
  ],
  "beta": [
    0.448401,
    0.425791,
    0.4009998,
    0.3753714,
    0.3471481,
    0.3180317,
    0.2878487,
    0.2572311,
    0.2253925,
    0.1935959,
    0.1227647,
    0.0820555,
    0.0689439,
    0.0563797,
    0.0479695,
    0.0384862,
    0.0309005,
    0.0249934,
    0.0205761,
    0.0171512,
    0.0146051
  ],
  "probnt_a=0": [
    0.27109700000000003,
    0.32333080000000003,
    0.38731269999999995,
    0.4643608,
    0.5561303,
    0.6584764000000001,
    0.7512255999999999,
    0.8159421,
    0.8549608,
    0.8790922999999999,
    0.3079039,
    0.36539239999999995,
    0.43357500000000004,
    0.5145037,
    0.6100116,
    0.7127543000000001,
    0.7996356,
    0.8526332,
    0.8822022,
    0.8997483,
    0.3533433,
    0.4151783,
    0.4869662,
    0.569607,
    0.6654169999999999,
    0.7667995,
    0.8427076,
    0.8831125,
    0.9039075,
    0.9162197,
    0.4074095,
    0.47212750000000003,
    0.5444945,
    0.6271473000000001,
    0.721224,
    0.8173945,
    0.8788064,
    0.9067213,
    0.920574,
    0.9285344,
    0.46910779999999996,
    0.5340754999999999,
    0.6053694000000001,
    0.6840903,
    0.7738191,
    0.8614006,
    0.9062331,
    0.9237422,
    0.9320973,
    0.9375907,
    0.5365963,
    0.5992298,
    0.666684,
    0.7385699,
    0.8205591999999999,
    0.8965377,
    0.9251033,
    0.9351602,
    0.9403384,
    0.9436681
  ]
}