{
  "a_li": [
    -1.0,
    -0.9,
    -0.8,
    -0.7,
    -0.6,
    -0.5,
    -0.4,
    -0.3,
    -0.2,
    -0.1,
    0.0,
    0.1,
    0.2,
    0.3,
    0.4,
    0.5,
    0.6,
    0.7,
    0.8,
    0.9,
    1.0
  ],
  "alpha": [
    0.09102010000000005,
    0.09773790000000004,
    0.1054233,
    0.11392760000000002,
    0.12392820000000004,
    0.13544270000000003,
    0.14877039999999997,
    0.16765969999999997,
    0.1864013,
    0.206306,
    0.23087420000000003,
    0.25878140000000005,
    0.2851055,
    0.32124889999999995,
    0.3609466,
    0.4042011,
    0.4492505,
    0.49451999999999996,
    0.5413878,
    0.584265,
    0.6249216
  ],
  "beta": [
    0.4360698,
    0.4147571,
    0.3929788,
    0.3710999,
    0.3492352,
    0.3270127,
    0.3043786,
    0.2797545,
    0.2569843,
    0.234449,
    0.2110102,
    0.1879973,
    0.1685313,
    0.146218,
    0.1251494,
    0.1057567,
    0.0883746,
    0.0733989,
    0.0600453,
    0.0495696,
    0.0410337
  ],
  "probnt_a=0": [
    0.03871979999999997,
    0.06392949999999997,
    0.10387550000000001,
    0.16635699999999998,
    0.26295480000000004,
    0.40178,
    0.5600975,
    0.6875894,
    0.7695955,
    0.820005,
    0.055458499999999966,
    0.08737980000000001,
    0.13610009999999995,
    0.21025000000000005,
    0.3217396,
    0.4772763,
    0.6395823,
    0.7528645,
    0.817986,
    0.8560232999999999,
    0.08049139999999999,
    0.12020900000000001,
    0.17825009999999997,
    0.26362359999999996,
    0.38933470000000003,
    0.5599780999999999,
    0.7165332,
    0.8085275000000001,
    0.8562819,
    0.8830895,
    0.11537799999999998,
    0.16296279999999996,
    0.23042839999999998,
    0.32605589999999995,
    0.4644053,
    0.6448598999999999,
    0.7844517,
    0.8519372000000001,
    0.8842758,
    0.9025782,
    0.16099529999999995,
    0.21633290000000005,
    0.2918265,
    0.3964048,
    0.5438084000000001,
    0.7263336,
    0.8377387000000001,
    0.8824337,
    0.9036284,
    0.9157103,
    0.21805790000000003,
    0.28018600000000005,
    0.36268,
    0.47226769999999996,
    0.6231420999999999,
    0.7975108,
    0.8745932,
    0.9019798,
    0.9155256,
    0.9239061
  ]
}