{
  "a_li": [
    -1.0,
    -0.9,
    -0.8,
    -0.7,
    -0.6,
    -0.5,
    -0.4,
    -0.3,
    -0.2,
    -0.1,
    0.0,
    0.1,
    0.2,
    0.3,
    0.4,
    0.5,
    0.6,
    0.7,
    0.8,
    0.9,
    1.0
  ],
  "alpha": [
    0.00020363999999994942,
    0.0002634166666666271,
    0.00032838333333329306,
    0.0004474633333332312,
    0.0005842366666667376,
    0.0008822199999998226,
    0.0012716366666666312,
    0.0020579633333334124,
    0.003107086666666814,
    0.00468020333333341,
    0.00755420666666673,
    0.013518323333333249,
    0.02372354666666654,
    0.045080316666666675,
    0.07874240666666654,
    0.18698683999999988,
    0.3004883933333332,
    0.4932173833333333,
    0.6773825099999999,
    0.8096234800000001,
    0.9043710633333333
  ],
  "beta": [
    0.9065760366666666,
    0.8918517233333333,
    0.8791779166666666,
    0.8586777999999998,
    0.8407330700000002,
    0.8088343233333336,
    0.7783431366666665,
    0.7330253199999999,
    0.6870725766666664,
    0.6427272233333333,
    0.5855004800000001,
    0.5112001333333334,
    0.43196087000000005,
    0.33790777666666666,
    0.2613455933333333,
    0.13613656,
    0.08384005333333332,
    0.034497226666666665,
    0.013386806666666666,
    0.00582294,
    0.002316156666666666
  ]
}