{
  "a_li": [
    -1.0,
    -0.9,
    -0.8,
    -0.7,
    -0.6,
    -0.5,
    -0.4,
    -0.3,
    -0.2,
    -0.1,
    0.0,
    0.1,
    0.2,
    0.3,
    0.4,
    0.5,
    0.6,
    0.7,
    0.8,
    0.9,
    1.0
  ],
  "alpha": [
    0.011793199999999948,
    0.013113900000000012,
    0.020684499999999995,
    0.023402400000000045,
    0.03899540000000001,
    0.045599500000000015,
    0.05499189999999998,
    0.06844150000000004,
    0.08801300000000001,
    0.11660079999999995,
    0.15709810000000002,
    0.21194139999999995,
    0.28376650000000003,
    0.37271319999999997,
    0.5294219,
    0.7154267000000001,
    0.8552021,
    0.9647361,
    0.9810121,
    0.9898103,
    0.9944958
  ],
  "beta": [
    0.8467582,
    0.833559,
    0.7545562,
    0.7357368,
    0.6531609,
    0.6257183,
    0.5930688,
    0.5537303,
    0.5062219,
    0.449477,
    0.385674,
    0.3199972,
    0.2555353,
    0.1947109,
    0.1237205,
    0.0554489,
    0.0173879,
    0.0017805,
    0.0007888,
    0.0003388,
    0.0001533
  ],
  "probnt_a=0": [
    0.022871899999999945,
    0.035917599999999994,
    0.057225700000000046,
    0.09209440000000002,
    0.14917579999999997,
    0.23707089999999997,
    0.34644410000000003,
    0.44556039999999997,
    0.5199625999999999,
    0.5730344,
    0.033812399999999965,
    0.05157679999999998,
    0.07997759999999998,
    0.12503109999999995,
    0.19753969999999998,
    0.3056681,
    0.42796100000000004,
    0.5252344,
    0.5908274,
    0.6356478999999999,
    0.05157270000000003,
    0.07559629999999995,
    0.11275199999999996,
    0.17048319999999995,
    0.26043740000000004,
    0.38998520000000003,
    0.5191688,
    0.6052930999999999,
    0.6587046999999999,
    0.6934484000000001,
    0.07874919999999996,
    0.11074790000000001,
    0.15874869999999996,
    0.23020580000000002,
    0.3393359,
    0.4882174,
    0.6119934,
    0.680393,
    0.7198734,
    0.7449121000000001,
    0.11929690000000004,
    0.16085970000000005,
    0.22041270000000002,
    0.30607340000000005,
    0.4326628,
    0.5935684999999999,
    0.6977713,
    0.7456084000000001,
    0.7715649,
    0.7882318,
    0.17738010000000004,
    0.22880809999999996,
    0.29934249999999996,
    0.3972137,
    0.5364976,
    0.6963641,
    0.768798,
    0.7980818000000001,
    0.813832,
    0.8241999
  ]
}