{
  "a_li": [
    -1.0,
    -0.9,
    -0.8,
    -0.7,
    -0.6,
    -0.5,
    -0.4,
    -0.3,
    -0.2,
    -0.1,
    0.0,
    0.1,
    0.2,
    0.3,
    0.4,
    0.5,
    0.6,
    0.7,
    0.8,
    0.9,
    1.0
  ],
  "alpha": [
    0.020806753333333483,
    0.023357723333333302,
    0.02868873000000005,
    0.035708713333333475,
    0.040412389999999854,
    0.046547010000000055,
    0.054982313333333144,
    0.07591404666666657,
    0.09726594333333338,
    0.1289630433333332,
    0.19614096666666658,
    0.29149864000000003,
    0.5851466066666667,
    0.7167644766666665,
    0.8354939766666667,
    0.92002587,
    0.9703595733333333,
    0.9902812366666667,
    0.9968541866666667,
    0.9989917233333333,
    0.99966297
  ],
  "beta": [
    0.6246895266666667,
    0.5951198999999999,
    0.55111269,
    0.5053425033333333,
    0.4772816966666666,
    0.44629597000000004,
    0.41091842333333334,
    0.3432065366666666,
    0.2928486433333333,
    0.23834386999999993,
    0.16961019333333333,
    0.10934257,
    0.0248186,
    0.01108765,
    0.00397672,
    0.0011387066666666667,
    0.00023529666666666666,
    4.3913333333333325e-05,
    8.076666666666667e-06,
    1.5266666666666667e-06,
    3.5000000000000004e-07
  ]
}