{
  "a_li": [
    -1.0,
    -0.9,
    -0.8,
    -0.7,
    -0.6,
    -0.5,
    -0.4,
    -0.3,
    -0.2,
    -0.1,
    0.0,
    0.1,
    0.2,
    0.3,
    0.4,
    0.5,
    0.6,
    0.7,
    0.8,
    0.9,
    1.0
  ],
  "alpha": [
    0.017585799999999985,
    0.01908169999999998,
    0.020636300000000052,
    0.02255790000000002,
    0.02495080000000005,
    0.029757499999999992,
    0.03401290000000001,
    0.03965209999999997,
    0.047742300000000015,
    0.060197999999999974,
    0.07948699999999997,
    0.11066240000000005,
    0.16111129999999996,
    0.23982320000000001,
    0.35097069999999997,
    0.5244059999999999,
    0.6847702,
    0.7953342999999999,
    0.8742665000000001,
    0.9246197,
    0.9545217
  ],
  "beta": [
    0.8033671,
    0.7918861,
    0.7800495,
    0.7674326,
    0.7532881,
    0.7233142,
    0.7060252,
    0.6847909,
    0.6590959,
    0.6265936,
    0.5840312,
    0.5285099,
    0.4562617,
    0.3689284,
    0.2743128,
    0.1643534,
    0.0881361,
    0.0496157,
    0.0270722,
    0.0146997,
    0.0082579
  ],
  "probnt_a=0": [
    0.035072800000000015,
    0.056408899999999984,
    0.08877210000000002,
    0.1351017,
    0.19740899999999995,
    0.27523430000000004,
    0.36203050000000003,
    0.44845650000000004,
    0.5264764,
    0.5918317,
    0.028377100000000044,
    0.04811909999999997,
    0.07871640000000002,
    0.1232742,
    0.18447309999999995,
    0.2605691,
    0.3479278,
    0.43543889999999996,
    0.5150317,
    0.5822681000000001,
    0.024549500000000002,
    0.043211200000000005,
    0.07246739999999996,
    0.11569450000000003,
    0.17627950000000003,
    0.2524893,
    0.33935800000000005,
    0.4282243,
    0.5085329000000001,
    0.5767057,
    0.02295440000000004,
    0.04095479999999996,
    0.06916690000000003,
    0.11127909999999996,
    0.16985360000000005,
    0.24472689999999997,
    0.3304254,
    0.41854040000000003,
    0.4995056,
    0.5683799,
    0.023779100000000053,
    0.0411994,
    0.0689263,
    0.11013240000000002,
    0.1678463,
    0.24130229999999997,
    0.3261552,
    0.41320080000000003,
    0.4938507,
    0.5626366,
    0.026639999999999997,
    0.044000700000000004,
    0.07144569999999995,
    0.11183829999999995,
    0.16817340000000003,
    0.24032600000000004,
    0.32373569999999996,
    0.4096474,
    0.48941840000000003,
    0.5576027
  ]
}