{
  "a_li": [
    -1.0,
    -0.9,
    -0.8,
    -0.7,
    -0.6,
    -0.5,
    -0.4,
    -0.3,
    -0.2,
    -0.1,
    0.0,
    0.1,
    0.2,
    0.3,
    0.4,
    0.5,
    0.6,
    0.7,
    0.8,
    0.9,
    1.0
  ],
  "alpha": [
    0.017585199999999968,
    0.01902400000000004,
    0.021679899999999974,
    0.023882199999999965,
    0.026672699999999994,
    0.030183199999999966,
    0.03486440000000002,
    0.04160810000000004,
    0.051574099999999956,
    0.06667840000000003,
    0.0903912,
    0.1283552,
    0.18823369999999995,
    0.2806219,
    0.39734020000000003,
    0.5394393,
    0.6689191,
    0.7763327,
    0.8616655,
    0.9131203999999999,
    0.9484093
  ],
  "beta": [
    0.7895959,
    0.777918,
    0.7541705,
    0.7399281,
    0.7245021,
    0.7075685,
    0.6879622,
    0.6647152,
    0.635468,
    0.5982809,
    0.5497333,
    0.4881066,
    0.4115262,
    0.3191725,
    0.2318758,
    0.1497022,
    0.0926099,
    0.0544582,
    0.0288016,
    0.0163685,
    0.008503
  ],
  "probnt_a=0": [
    0.03945149999999997,
    0.06259510000000001,
    0.09759649999999997,
    0.1475917,
    0.21432130000000005,
    0.29630409999999996,
    0.3876079,
    0.47693050000000003,
    0.5566477000000001,
    0.6227697999999999,
    0.03230719999999998,
    0.054418999999999995,
    0.08809880000000003,
    0.13696109999999995,
    0.20299809999999996,
    0.284863,
    0.37590480000000004,
    0.46724,
    0.5484785,
    0.6165962,
    0.028579299999999974,
    0.04972650000000001,
    0.08239640000000004,
    0.13042310000000001,
    0.19586329999999996,
    0.27799419999999997,
    0.3699148,
    0.46160619999999997,
    0.5437659,
    0.6123221,
    0.027223899999999968,
    0.04767290000000002,
    0.07974000000000003,
    0.12698929999999997,
    0.19127499999999997,
    0.2720062,
    0.36245669999999997,
    0.4541509,
    0.536708,
    0.6062381,
    0.028200000000000003,
    0.04852959999999995,
    0.08041790000000004,
    0.1269633,
    0.19072429999999996,
    0.27072430000000003,
    0.3612955,
    0.45171740000000005,
    0.5338356,
    0.6026384,
    0.03177529999999995,
    0.05234799999999995,
    0.08384970000000003,
    0.12991339999999996,
    0.19255330000000004,
    0.27088049999999997,
    0.35960570000000003,
    0.44948540000000003,
    0.5308094999999999,
    0.5989959
  ]
}