{
  "a_li": [
    -1.0,
    -0.9,
    -0.8,
    -0.7,
    -0.6,
    -0.5,
    -0.4,
    -0.3,
    -0.2,
    -0.1,
    0.0,
    0.1,
    0.2,
    0.3,
    0.4,
    0.5,
    0.6,
    0.7,
    0.8,
    0.9,
    1.0
  ],
  "alpha": [
    0.24469439999999998,
    0.25947580000000003,
    0.27792019999999995,
    0.3223511,
    0.3444686,
    0.36569929999999995,
    0.39365799999999995,
    0.4246959,
    0.458735,
    0.49568080000000003,
    0.5351749,
    0.5772082000000001,
    0.6210408000000001,
    0.6644351,
    0.7059811,
    0.7444778000000001,
    0.7789427,
    0.8088721,
    0.8427517,
    0.8625598,
    0.879247
  ],
  "beta": [
    0.4522504,
    0.4312048,
    0.4091056,
    0.3667886,
    0.3437334,
    0.328647,
    0.3044743,
    0.2801426,
    0.2555158,
    0.2309662,
    0.2064353,
    0.1820125,
    0.1582463,
    0.1361143,
    0.11594,
    0.0982431,
    0.0834008,
    0.0712772,
    0.0563832,
    0.0490241,
    0.0428636
  ],
  "probnt_a=0": [
    0.366375,
    0.401524,
    0.44315439999999995,
    0.4931687,
    0.5544689,
    0.6260736,
    0.6965667,
    0.749519,
    0.7841362000000001,
    0.8065447,
    0.3887617,
    0.42589679999999996,
    0.46991269999999996,
    0.5225422,
    0.5861027,
    0.6602317,
    0.7289145,
    0.7758202,
    0.8045038,
    0.8227994,
    0.4166904,
    0.4560174,
    0.5017351999999999,
    0.5553973,
    0.6212222000000001,
    0.6963889999999999,
    0.7607029,
    0.7995279,
    0.821995,
    0.8359784,
    0.45131730000000003,
    0.49229449999999997,
    0.5380825,
    0.5919959,
    0.6578311,
    0.7333350000000001,
    0.7896633,
    0.8195873,
    0.836227,
    0.8469711,
    0.4917865,
    0.5326573,
    0.5783726,
    0.6306921,
    0.6953948999999999,
    0.7686931,
    0.8141642,
    0.8354734,
    0.8475684,
    0.8558692999999999,
    0.5384922,
    0.5778533,
    0.6205065000000001,
    0.6696576000000001,
    0.7316532,
    0.7999984,
    0.8330719,
    0.8475381,
    0.8561217,
    0.8621938
  ]
}