{
  "a_li": [
    -1.0,
    -0.9,
    -0.8,
    -0.7,
    -0.6,
    -0.5,
    -0.4,
    -0.3,
    -0.2,
    -0.1,
    0.0,
    0.1,
    0.2,
    0.3,
    0.4,
    0.5,
    0.6,
    0.7,
    0.8,
    0.9,
    1.0
  ],
  "alpha": [
    0.01543479999999997,
    0.018740700000000055,
    0.02013929999999997,
    0.02209340000000004,
    0.0277849,
    0.03082980000000002,
    0.0350104,
    0.040750799999999976,
    0.049094300000000035,
    0.06201469999999998,
    0.08326040000000001,
    0.11847649999999998,
    0.19713789999999998,
    0.2979252,
    0.43147420000000003,
    0.5817981,
    0.7140991,
    0.816792,
    0.8868614,
    0.9309908,
    0.9571906
  ],
  "beta": [
    0.802109,
    0.7697232,
    0.758309,
    0.745351,
    0.7081607,
    0.6931174,
    0.6753883,
    0.6541859,
    0.6284386,
    0.5949931,
    0.5499097,
    0.4886188,
    0.3830267,
    0.2882921,
    0.1957704,
    0.1170055,
    0.0662478,
    0.0355397,
    0.0186957,
    0.009959,
    0.0054757
  ],
  "probnt_a=0": [
    0.03103060000000002,
    0.05129669999999997,
    0.08324169999999997,
    0.1302466,
    0.19583470000000003,
    0.27831779999999995,
    0.3720544,
    0.46576819999999997,
    0.5511917,
    0.6222985,
    0.02530319999999997,
    0.044724499999999945,
    0.07512419999999997,
    0.1213822,
    0.18564480000000005,
    0.267551,
    0.3615532,
    0.4570278,
    0.5441115000000001,
    0.6173655,
    0.02306319999999995,
    0.04187030000000003,
    0.0718685,
    0.11765080000000006,
    0.18203480000000005,
    0.2646568,
    0.3593661,
    0.45577939999999995,
    0.5431509,
    0.6165872,
    0.023511599999999966,
    0.042596599999999984,
    0.07288430000000001,
    0.11842909999999995,
    0.18243359999999997,
    0.2642356,
    0.3582788,
    0.45401199999999997,
    0.5415991,
    0.6158745,
    0.026786500000000046,
    0.0465139,
    0.07772319999999999,
    0.12414080000000005,
    0.18862020000000002,
    0.2709958,
    0.3645674,
    0.45967199999999997,
    0.5468194,
    0.6200327999999999,
    0.03304560000000001,
    0.05405459999999995,
    0.08647689999999997,
    0.1337087,
    0.19880730000000002,
    0.2805624,
    0.3734065,
    0.4676566,
    0.5532981,
    0.6249263
  ]
}