{
  "a_li": [
    -1.0,
    -0.9,
    -0.8,
    -0.7,
    -0.6,
    -0.5,
    -0.4,
    -0.3,
    -0.2,
    -0.1,
    0.0,
    0.1,
    0.2,
    0.3,
    0.4,
    0.5,
    0.6,
    0.7,
    0.8,
    0.9,
    1.0
  ],
  "alpha": [
    0.0016873900000000663,
    0.002405353333333249,
    0.003962826666666808,
    0.005778060000000251,
    0.007422403333333549,
    0.010026906666666724,
    0.014094456666666755,
    0.021179003333333335,
    0.02948566666666652,
    0.04791869333333343,
    0.07673849333333338,
    0.11986397000000004,
    0.2289157666666668,
    0.43034746999999984,
    0.6073314866666666,
    0.7870968266666667,
    0.94114579,
    0.98674564,
    0.99761444,
    0.9998419566666666,
    0.9999860733333333
  ],
  "beta": [
    0.7632323900000001,
    0.71950639,
    0.6531412466666667,
    0.6007035933333333,
    0.5659215066666667,
    0.52743171,
    0.48386132666666665,
    0.42376020666666664,
    0.37756522000000003,
    0.3057167,
    0.2372094700000001,
    0.16837264666666668,
    0.07183850333333333,
    0.016795346666666666,
    0.004436583333333335,
    0.0007237366666666665,
    2.9326666666666668e-05,
    1.4233333333333334e-06,
    7.333333333333334e-08,
    3.333333333333333e-09,
    0.0
  ]
}