{
  "J1J2": [
    [
      0.61,
      0.06
    ],
    [
      0.71,
      0.06
    ],
    [
      0.81,
      0.06
    ],
    [
      0.91,
      0.06
    ],
    [
      1.01,
      0.06
    ],
    [
      1.11,
      0.06
    ],
    [
      1.21,
      0.06
    ],
    [
      1.31,
      0.06
    ],
    [
      1.41,
      0.06
    ],
    [
      1.51,
      0.06
    ],
    [
      0.75,
      0.2
    ],
    [
      0.85,
      0.2
    ],
    [
      0.95,
      0.2
    ],
    [
      1.05,
      0.2
    ],
    [
      1.15,
      0.2
    ],
    [
      1.25,
      0.2
    ],
    [
      1.35,
      0.2
    ],
    [
      1.45,
      0.2
    ],
    [
      1.55,
      0.2
    ],
    [
      1.65,
      0.2
    ],
    [
      0.89,
      0.34
    ],
    [
      0.99,
      0.34
    ],
    [
      1.09,
      0.34
    ],
    [
      1.19,
      0.34
    ],
    [
      1.29,
      0.34
    ],
    [
      1.39,
      0.34
    ],
    [
      1.49,
      0.34
    ],
    [
      1.59,
      0.34
    ],
    [
      1.69,
      0.34
    ],
    [
      1.79,
      0.34
    ],
    [
      1.03,
      0.48
    ],
    [
      1.13,
      0.48
    ],
    [
      1.23,
      0.48
    ],
    [
      1.33,
      0.48
    ],
    [
      1.43,
      0.48
    ],
    [
      1.53,
      0.48
    ],
    [
      1.63,
      0.48
    ],
    [
      1.73,
      0.48
    ],
    [
      1.83,
      0.48
    ],
    [
      1.93,
      0.48
    ],
    [
      1.17,
      0.62
    ],
    [
      1.27,
      0.62
    ],
    [
      1.37,
      0.62
    ],
    [
      1.47,
      0.62
    ],
    [
      1.57,
      0.62
    ],
    [
      1.67,
      0.62
    ],
    [
      1.77,
      0.62
    ],
    [
      1.87,
      0.62
    ],
    [
      1.97,
      0.62
    ],
    [
      2.07,
      0.62
    ],
    [
      1.31,
      0.76
    ],
    [
      1.41,
      0.76
    ],
    [
      1.51,
      0.76
    ],
    [
      1.61,
      0.76
    ],
    [
      1.71,
      0.76
    ],
    [
      1.81,
      0.76
    ],
    [
      1.91,
      0.76
    ],
    [
      2.01,
      0.76
    ],
    [
      2.11,
      0.76
    ],
    [
      2.21,
      0.76
    ]
  ],
  "ave_Z": [
    0.13903684470549138,
    0.18492614154944298,
    0.24089871270446261,
    0.30976018528974525,
    0.3939028637889427,
    0.49028507052256226,
    0.5833506255929632,
    0.6563484645084432,
    0.7088035846996703,
    0.7476205018496929,
    0.15267831324408743,
    0.20259644454681058,
    0.2632953798463669,
    0.338299172059325,
    0.4307418932297179,
    0.5356678359826657,
    0.6307422504746873,
    0.698773777732865,
    0.7452021004842817,
    0.7790980097356867,
    0.1675334552872644,
    0.22154952520283397,
    0.2867985578226303,
    0.3680724902683028,
    0.46986892269666125,
    0.5838109148513659,
    0.6778185739706653,
    0.7382897723899176,
    0.7780635199961743,
    0.8070890309563183,
    0.18450762287634595,
    0.24246010501485882,
    0.31138030249054033,
    0.3987295958693272,
    0.5115289121357685,
    0.6345482713805288,
    0.7228443137280175,
    0.77379035465124,
    0.8069405593611519,
    0.8314446376767627,
    0.2054581321394006,
    0.2661358678357866,
    0.33611366051260866,
    0.42909740439998534,
    0.5560418633075099,
    0.6868012043928919,
    0.763579507502218,
    0.8044255554092605,
    0.831603426711427,
    0.8521544345477617,
    0.23394810340435251,
    0.29272467412394676,
    0.3580982090829695,
    0.4576402259912874,
    0.6046666599894719,
    0.7377408219549049,
    0.7979988617176884,
    0.8298126077404191,
    0.8520664079667901,
    0.8693464337524958
  ]
}