{
  "J1J2": [
    [
      -0.5,
      0.55
    ],
    [
      -0.5,
      0.65
    ],
    [
      -0.5,
      0.75
    ],
    [
      -0.5,
      0.85
    ],
    [
      -0.5,
      0.95
    ],
    [
      -0.5,
      1.05
    ],
    [
      -0.5,
      1.15
    ],
    [
      -0.5,
      1.25
    ],
    [
      -0.5,
      1.35
    ],
    [
      -0.5,
      1.45
    ],
    [
      -0.3,
      0.55
    ],
    [
      -0.3,
      0.65
    ],
    [
      -0.3,
      0.75
    ],
    [
      -0.3,
      0.85
    ],
    [
      -0.3,
      0.95
    ],
    [
      -0.3,
      1.05
    ],
    [
      -0.3,
      1.15
    ],
    [
      -0.3,
      1.25
    ],
    [
      -0.3,
      1.35
    ],
    [
      -0.3,
      1.45
    ],
    [
      -0.1,
      0.55
    ],
    [
      -0.1,
      0.65
    ],
    [
      -0.1,
      0.75
    ],
    [
      -0.1,
      0.85
    ],
    [
      -0.1,
      0.95
    ],
    [
      -0.1,
      1.05
    ],
    [
      -0.1,
      1.15
    ],
    [
      -0.1,
      1.25
    ],
    [
      -0.1,
      1.35
    ],
    [
      -0.1,
      1.45
    ],
    [
      0.1,
      0.55
    ],
    [
      0.1,
      0.65
    ],
    [
      0.1,
      0.75
    ],
    [
      0.1,
      0.85
    ],
    [
      0.1,
      0.95
    ],
    [
      0.1,
      1.05
    ],
    [
      0.1,
      1.15
    ],
    [
      0.1,
      1.25
    ],
    [
      0.1,
      1.35
    ],
    [
      0.1,
      1.45
    ],
    [
      0.3,
      0.55
    ],
    [
      0.3,
      0.65
    ],
    [
      0.3,
      0.75
    ],
    [
      0.3,
      0.85
    ],
    [
      0.3,
      0.95
    ],
    [
      0.3,
      1.05
    ],
    [
      0.3,
      1.15
    ],
    [
      0.3,
      1.25
    ],
    [
      0.3,
      1.35
    ],
    [
      0.3,
      1.45
    ],
    [
      0.5,
      0.55
    ],
    [
      0.5,
      0.65
    ],
    [
      0.5,
      0.75
    ],
    [
      0.5,
      0.85
    ],
    [
      0.5,
      0.95
    ],
    [
      0.5,
      1.05
    ],
    [
      0.5,
      1.15
    ],
    [
      0.5,
      1.25
    ],
    [
      0.5,
      1.35
    ],
    [
      0.5,
      1.45
    ]
  ],
  "ave_SOP": [
    0.011559048892942961,
    0.021884982391534566,
    0.038115936104290725,
    0.06619833534027682,
    0.11864865151978882,
    0.21233109697991517,
    0.3485415056807872,
    0.4892476375986045,
    0.6024219964714301,
    0.6847551075905425,
    0.024473791622803956,
    0.04087390686694719,
    0.06756424395257958,
    0.11573390542344322,
    0.19660910669905865,
    0.3240924187666517,
    0.485477845547488,
    0.6350821131361261,
    0.7436943281440982,
    0.8140244033697445,
    0.03516515425189893,
    0.05708204954361982,
    0.09553054229231063,
    0.16054471207737875,
    0.26999531603607185,
    0.4298523842666733,
    0.6092345566642986,
    0.7554539669530472,
    0.8481833060140582,
    0.9017836293873398,
    0.03516770449354388,
    0.057068228706054575,
    0.09521766408914262,
    0.16010251950891952,
    0.2699298328357784,
    0.4302495283167052,
    0.6097510657138487,
    0.7556702514307723,
    0.8482947083254972,
    0.9017836634740726,
    0.02458775568554676,
    0.041005883576425754,
    0.0680959565476834,
    0.11531442698039925,
    0.1968738569341961,
    0.32400420270111346,
    0.48557545041344446,
    0.6352556802988996,
    0.7436806715139666,
    0.8139619049893553,
    0.012559839878452064,
    0.02176485902808429,
    0.037499490683002686,
    0.06567342617647429,
    0.11845113570428352,
    0.212886353968856,
    0.34851026218335973,
    0.4894933479941628,
    0.602602078687215,
    0.6847750942520499
  ]
}