{
  "J1J2": [
    [
      -0.5,
      0.55
    ],
    [
      -0.5,
      0.65
    ],
    [
      -0.5,
      0.75
    ],
    [
      -0.5,
      0.85
    ],
    [
      -0.5,
      0.95
    ],
    [
      -0.5,
      1.05
    ],
    [
      -0.5,
      1.15
    ],
    [
      -0.5,
      1.25
    ],
    [
      -0.5,
      1.35
    ],
    [
      -0.5,
      1.45
    ],
    [
      -0.3,
      0.55
    ],
    [
      -0.3,
      0.65
    ],
    [
      -0.3,
      0.75
    ],
    [
      -0.3,
      0.85
    ],
    [
      -0.3,
      0.95
    ],
    [
      -0.3,
      1.05
    ],
    [
      -0.3,
      1.15
    ],
    [
      -0.3,
      1.25
    ],
    [
      -0.3,
      1.35
    ],
    [
      -0.3,
      1.45
    ],
    [
      -0.1,
      0.55
    ],
    [
      -0.1,
      0.65
    ],
    [
      -0.1,
      0.75
    ],
    [
      -0.1,
      0.85
    ],
    [
      -0.1,
      0.95
    ],
    [
      -0.1,
      1.05
    ],
    [
      -0.1,
      1.15
    ],
    [
      -0.1,
      1.25
    ],
    [
      -0.1,
      1.35
    ],
    [
      -0.1,
      1.45
    ],
    [
      0.1,
      0.55
    ],
    [
      0.1,
      0.65
    ],
    [
      0.1,
      0.75
    ],
    [
      0.1,
      0.85
    ],
    [
      0.1,
      0.95
    ],
    [
      0.1,
      1.05
    ],
    [
      0.1,
      1.15
    ],
    [
      0.1,
      1.25
    ],
    [
      0.1,
      1.35
    ],
    [
      0.1,
      1.45
    ],
    [
      0.3,
      0.55
    ],
    [
      0.3,
      0.65
    ],
    [
      0.3,
      0.75
    ],
    [
      0.3,
      0.85
    ],
    [
      0.3,
      0.95
    ],
    [
      0.3,
      1.05
    ],
    [
      0.3,
      1.15
    ],
    [
      0.3,
      1.25
    ],
    [
      0.3,
      1.35
    ],
    [
      0.3,
      1.45
    ],
    [
      0.5,
      0.55
    ],
    [
      0.5,
      0.65
    ],
    [
      0.5,
      0.75
    ],
    [
      0.5,
      0.85
    ],
    [
      0.5,
      0.95
    ],
    [
      0.5,
      1.05
    ],
    [
      0.5,
      1.15
    ],
    [
      0.5,
      1.25
    ],
    [
      0.5,
      1.35
    ],
    [
      0.5,
      1.45
    ]
  ],
  "ave_SOP": [
    0.08634468718975741,
    0.1217178206645437,
    0.1693196761713816,
    0.2320472776715395,
    0.3108957654425192,
    0.40291629165016,
    0.5006096623151121,
    0.5944554102814747,
    0.6769487649516702,
    0.7447187814643355,
    0.11155572685503459,
    0.1567785812253857,
    0.21652640976325216,
    0.2931148205902392,
    0.38611917822435426,
    0.4903570025235565,
    0.5958773320001967,
    0.6915787854407474,
    0.7701431937835209,
    0.8299644888955958,
    0.12579815804633057,
    0.17542589389426372,
    0.23997534287050604,
    0.32136725756419116,
    0.41856535003208817,
    0.5255402992224911,
    0.6315421392240084,
    0.7253551154580398,
    0.8004714891727939,
    0.8564099534240235,
    0.12424185653759143,
    0.1715234516298552,
    0.23172817176049232,
    0.3062183596628527,
    0.3942470807953179,
    0.4916319594938571,
    0.5906646739848731,
    0.6824023033441952,
    0.760201866412083,
    0.8216511278180182,
    0.10975969709583758,
    0.15124331102625463,
    0.2035613879402765,
    0.2677650999662604,
    0.34349107967608516,
    0.4281887845304432,
    0.5169128136924701,
    0.6033104466534981,
    0.6815866699621069,
    0.748184632746039,
    0.08792017166347757,
    0.12295362267815702,
    0.16834984347735663,
    0.22567189014746494,
    0.29508949476349444,
    0.37449252637007824,
    0.4592281059626385,
    0.5431178181081744,
    0.6204848811264865,
    0.6878051578591016
  ]
}