{
  "J1J2": [
    [
      0.61,
      0.06
    ],
    [
      0.71,
      0.06
    ],
    [
      0.81,
      0.06
    ],
    [
      0.91,
      0.06
    ],
    [
      1.01,
      0.06
    ],
    [
      1.11,
      0.06
    ],
    [
      1.21,
      0.06
    ],
    [
      1.31,
      0.06
    ],
    [
      1.41,
      0.06
    ],
    [
      1.51,
      0.06
    ],
    [
      0.75,
      0.2
    ],
    [
      0.85,
      0.2
    ],
    [
      0.95,
      0.2
    ],
    [
      1.05,
      0.2
    ],
    [
      1.15,
      0.2
    ],
    [
      1.25,
      0.2
    ],
    [
      1.35,
      0.2
    ],
    [
      1.45,
      0.2
    ],
    [
      1.55,
      0.2
    ],
    [
      1.65,
      0.2
    ],
    [
      0.89,
      0.34
    ],
    [
      0.99,
      0.34
    ],
    [
      1.09,
      0.34
    ],
    [
      1.19,
      0.34
    ],
    [
      1.29,
      0.34
    ],
    [
      1.39,
      0.34
    ],
    [
      1.49,
      0.34
    ],
    [
      1.59,
      0.34
    ],
    [
      1.69,
      0.34
    ],
    [
      1.79,
      0.34
    ],
    [
      1.03,
      0.48
    ],
    [
      1.13,
      0.48
    ],
    [
      1.23,
      0.48
    ],
    [
      1.33,
      0.48
    ],
    [
      1.43,
      0.48
    ],
    [
      1.53,
      0.48
    ],
    [
      1.63,
      0.48
    ],
    [
      1.73,
      0.48
    ],
    [
      1.83,
      0.48
    ],
    [
      1.93,
      0.48
    ],
    [
      1.17,
      0.62
    ],
    [
      1.27,
      0.62
    ],
    [
      1.37,
      0.62
    ],
    [
      1.47,
      0.62
    ],
    [
      1.57,
      0.62
    ],
    [
      1.67,
      0.62
    ],
    [
      1.77,
      0.62
    ],
    [
      1.87,
      0.62
    ],
    [
      1.97,
      0.62
    ],
    [
      2.07,
      0.62
    ],
    [
      1.31,
      0.76
    ],
    [
      1.41,
      0.76
    ],
    [
      1.51,
      0.76
    ],
    [
      1.61,
      0.76
    ],
    [
      1.71,
      0.76
    ],
    [
      1.81,
      0.76
    ],
    [
      1.91,
      0.76
    ],
    [
      2.01,
      0.76
    ],
    [
      2.11,
      0.76
    ],
    [
      2.21,
      0.76
    ]
  ],
  "ave_Z": [
    0.07047633676489305,
    0.10823121805640393,
    0.14784697126866336,
    0.210680895344897,
    0.3015029772052977,
    0.46723337416672817,
    0.6140375639393635,
    0.6763926323833045,
    0.724035275814654,
    0.7611894591790642,
    0.0779592857351964,
    0.11251838149163233,
    0.14893202601020694,
    0.21969268826346425,
    0.3360080571247772,
    0.5062969869906152,
    0.6437629396472845,
    0.7228967582916319,
    0.751627029834759,
    0.7900218034059573,
    0.07886323239704607,
    0.11143830364444846,
    0.16936129929284394,
    0.22951610921785617,
    0.34817241225851414,
    0.5570796678811344,
    0.6959044410785992,
    0.7535257729346151,
    0.7942545112381466,
    0.8122333298808544,
    0.08638114758340708,
    0.11085914642688152,
    0.15498818798810354,
    0.20948402084877252,
    0.3643398710168949,
    0.6115952607754486,
    0.7429395588649612,
    0.7835359087133396,
    0.8141826315031662,
    0.8392141708279623,
    0.0700711974930278,
    0.10276318397048896,
    0.1544101211476341,
    0.23555086475414938,
    0.39359582089266054,
    0.6777201308736319,
    0.7790491593982329,
    0.8069698655158167,
    0.843312671341125,
    0.852705045954357,
    0.06565463221356369,
    0.10343735917893977,
    0.13933082644723835,
    0.21830901502565817,
    0.4216416300985333,
    0.7350641580458764,
    0.7997876271593106,
    0.8304532607627874,
    0.8655670644915419,
    0.8701552145814272
  ]
}