{
  "J1J2": [
    [
      -0.5,
      0.55
    ],
    [
      -0.5,
      0.65
    ],
    [
      -0.5,
      0.75
    ],
    [
      -0.5,
      0.85
    ],
    [
      -0.5,
      0.95
    ],
    [
      -0.5,
      1.05
    ],
    [
      -0.5,
      1.15
    ],
    [
      -0.5,
      1.25
    ],
    [
      -0.5,
      1.35
    ],
    [
      -0.5,
      1.45
    ],
    [
      -0.3,
      0.55
    ],
    [
      -0.3,
      0.65
    ],
    [
      -0.3,
      0.75
    ],
    [
      -0.3,
      0.85
    ],
    [
      -0.3,
      0.95
    ],
    [
      -0.3,
      1.05
    ],
    [
      -0.3,
      1.15
    ],
    [
      -0.3,
      1.25
    ],
    [
      -0.3,
      1.35
    ],
    [
      -0.3,
      1.45
    ],
    [
      -0.1,
      0.55
    ],
    [
      -0.1,
      0.65
    ],
    [
      -0.1,
      0.75
    ],
    [
      -0.1,
      0.85
    ],
    [
      -0.1,
      0.95
    ],
    [
      -0.1,
      1.05
    ],
    [
      -0.1,
      1.15
    ],
    [
      -0.1,
      1.25
    ],
    [
      -0.1,
      1.35
    ],
    [
      -0.1,
      1.45
    ],
    [
      0.1,
      0.55
    ],
    [
      0.1,
      0.65
    ],
    [
      0.1,
      0.75
    ],
    [
      0.1,
      0.85
    ],
    [
      0.1,
      0.95
    ],
    [
      0.1,
      1.05
    ],
    [
      0.1,
      1.15
    ],
    [
      0.1,
      1.25
    ],
    [
      0.1,
      1.35
    ],
    [
      0.1,
      1.45
    ],
    [
      0.3,
      0.55
    ],
    [
      0.3,
      0.65
    ],
    [
      0.3,
      0.75
    ],
    [
      0.3,
      0.85
    ],
    [
      0.3,
      0.95
    ],
    [
      0.3,
      1.05
    ],
    [
      0.3,
      1.15
    ],
    [
      0.3,
      1.25
    ],
    [
      0.3,
      1.35
    ],
    [
      0.3,
      1.45
    ],
    [
      0.5,
      0.55
    ],
    [
      0.5,
      0.65
    ],
    [
      0.5,
      0.75
    ],
    [
      0.5,
      0.85
    ],
    [
      0.5,
      0.95
    ],
    [
      0.5,
      1.05
    ],
    [
      0.5,
      1.15
    ],
    [
      0.5,
      1.25
    ],
    [
      0.5,
      1.35
    ],
    [
      0.5,
      1.45
    ]
  ],
  "ave_SOP": [
    4.997900538193646e-05,
    -1.1676341885252547e-05,
    -0.00032728994649557666,
    -0.0011334876799351783,
    -0.0026321067996201634,
    -0.004829012921154103,
    -0.007431035566835921,
    -0.009951724317270266,
    -0.01197005992667676,
    -0.013300525874297153,
    -0.0001447305925949158,
    -0.00042405667774070874,
    -0.0009836380414024876,
    -0.0019110964190194285,
    -0.0032028756004181536,
    -0.004708685837048268,
    -0.006154393592169884,
    -0.0072680193360177905,
    -0.007914514724885163,
    -0.008120889967452449,
    -4.248555334334735e-05,
    -9.96507129838195e-05,
    -0.0001959930981992078,
    -0.0003337543252170922,
    -0.0005012911630394987,
    -0.0006722733159206296,
    -0.0008148556208856704,
    -0.0009073839129813902,
    -0.0009473110804238783,
    -0.0009462792387840716,
    -7.791160866394765e-05,
    -0.0002017758433497531,
    -0.0004368368234723615,
    -0.0008141650494287514,
    -0.0013258836685205023,
    -0.0019012713585806681,
    -0.002418473547480731,
    -0.002763297610152943,
    -0.0028898820216459054,
    -0.0028277403997512057,
    -0.0002596376462642112,
    -0.000791413104132534,
    -0.0019133528877475449,
    -0.0038621180506597376,
    -0.00667992952486315,
    -0.010042595609590779,
    -0.013287264377391597,
    -0.015736325623191137,
    -0.017056956946443012,
    -0.0173251024498442,
    3.8044049553125075e-05,
    -0.00018759079645381483,
    -0.001059820420724719,
    -0.0031822278231169033,
    -0.007081634435047319,
    -0.012757866469040369,
    -0.019372933245011683,
    -0.025543577622354676,
    -0.030129655130564394,
    -0.032748709331026825
  ]
}