{
  "J1J2": [
    [
      -0.5,
      0.55
    ],
    [
      -0.5,
      0.65
    ],
    [
      -0.5,
      0.75
    ],
    [
      -0.5,
      0.85
    ],
    [
      -0.5,
      0.95
    ],
    [
      -0.5,
      1.05
    ],
    [
      -0.5,
      1.15
    ],
    [
      -0.5,
      1.25
    ],
    [
      -0.5,
      1.35
    ],
    [
      -0.5,
      1.45
    ],
    [
      -0.3,
      0.55
    ],
    [
      -0.3,
      0.65
    ],
    [
      -0.3,
      0.75
    ],
    [
      -0.3,
      0.85
    ],
    [
      -0.3,
      0.95
    ],
    [
      -0.3,
      1.05
    ],
    [
      -0.3,
      1.15
    ],
    [
      -0.3,
      1.25
    ],
    [
      -0.3,
      1.35
    ],
    [
      -0.3,
      1.45
    ],
    [
      -0.1,
      0.55
    ],
    [
      -0.1,
      0.65
    ],
    [
      -0.1,
      0.75
    ],
    [
      -0.1,
      0.85
    ],
    [
      -0.1,
      0.95
    ],
    [
      -0.1,
      1.05
    ],
    [
      -0.1,
      1.15
    ],
    [
      -0.1,
      1.25
    ],
    [
      -0.1,
      1.35
    ],
    [
      -0.1,
      1.45
    ],
    [
      0.1,
      0.55
    ],
    [
      0.1,
      0.65
    ],
    [
      0.1,
      0.75
    ],
    [
      0.1,
      0.85
    ],
    [
      0.1,
      0.95
    ],
    [
      0.1,
      1.05
    ],
    [
      0.1,
      1.15
    ],
    [
      0.1,
      1.25
    ],
    [
      0.1,
      1.35
    ],
    [
      0.1,
      1.45
    ],
    [
      0.3,
      0.55
    ],
    [
      0.3,
      0.65
    ],
    [
      0.3,
      0.75
    ],
    [
      0.3,
      0.85
    ],
    [
      0.3,
      0.95
    ],
    [
      0.3,
      1.05
    ],
    [
      0.3,
      1.15
    ],
    [
      0.3,
      1.25
    ],
    [
      0.3,
      1.35
    ],
    [
      0.3,
      1.45
    ],
    [
      0.5,
      0.55
    ],
    [
      0.5,
      0.65
    ],
    [
      0.5,
      0.75
    ],
    [
      0.5,
      0.85
    ],
    [
      0.5,
      0.95
    ],
    [
      0.5,
      1.05
    ],
    [
      0.5,
      1.15
    ],
    [
      0.5,
      1.25
    ],
    [
      0.5,
      1.35
    ],
    [
      0.5,
      1.45
    ]
  ],
  "ave_SOP": [
    1.1916111367352099e-06,
    1.1805082684206242e-05,
    2.4015173096324613e-05,
    -0.0001095222831394056,
    -0.00026419285666245436,
    0.004018879923309579,
    0.02716927246042203,
    0.07972108253542902,
    0.1518563418213068,
    0.22844168009858035,
    -6.146031406774085e-06,
    -5.225095659586059e-05,
    -0.00020790208737293228,
    -5.405785188767302e-05,
    0.004322491906410269,
    0.027152438217828385,
    0.08873547744407353,
    0.18466322781772176,
    0.28674308204851495,
    0.3772047355129141,
    3.230773810848501e-05,
    0.0002950943205422974,
    0.0018699921052713134,
    0.008875193438903091,
    0.032550605877461704,
    0.09146507987011625,
    0.19228125935656032,
    0.30962057331967985,
    0.41414206022840827,
    0.4977023737792561,
    3.231714781778509e-05,
    0.0002950948917690477,
    0.0018699921258399374,
    0.008875192494000199,
    0.03255058528978558,
    0.09146508819538574,
    0.19228125510197466,
    0.30962058280007787,
    0.41414254866266975,
    0.4977022031338168,
    -6.155341412851204e-06,
    -5.2250887659773007e-05,
    -0.00020790205193585724,
    -5.405812776835531e-05,
    0.004322495981746806,
    0.02715243093689768,
    0.08873547255079672,
    0.18466322556943823,
    0.286743323694653,
    0.37720534445987125,
    1.192459328615374e-06,
    1.180506945949835e-05,
    2.4015271492314737e-05,
    -0.0001095226049821178,
    -0.00026419265376807994,
    0.004018880231267762,
    0.02716927280689605,
    0.07972108246121398,
    0.15185635941876138,
    0.22844077174125424
  ]
}