{
  "J1J2": [
    [
      0.61,
      0.06
    ],
    [
      0.71,
      0.06
    ],
    [
      0.81,
      0.06
    ],
    [
      0.91,
      0.06
    ],
    [
      1.01,
      0.06
    ],
    [
      1.11,
      0.06
    ],
    [
      1.21,
      0.06
    ],
    [
      1.31,
      0.06
    ],
    [
      1.41,
      0.06
    ],
    [
      1.51,
      0.06
    ],
    [
      0.75,
      0.2
    ],
    [
      0.85,
      0.2
    ],
    [
      0.95,
      0.2
    ],
    [
      1.05,
      0.2
    ],
    [
      1.15,
      0.2
    ],
    [
      1.25,
      0.2
    ],
    [
      1.35,
      0.2
    ],
    [
      1.45,
      0.2
    ],
    [
      1.55,
      0.2
    ],
    [
      1.65,
      0.2
    ],
    [
      0.89,
      0.34
    ],
    [
      0.99,
      0.34
    ],
    [
      1.09,
      0.34
    ],
    [
      1.19,
      0.34
    ],
    [
      1.29,
      0.34
    ],
    [
      1.39,
      0.34
    ],
    [
      1.49,
      0.34
    ],
    [
      1.59,
      0.34
    ],
    [
      1.69,
      0.34
    ],
    [
      1.79,
      0.34
    ],
    [
      1.03,
      0.48
    ],
    [
      1.13,
      0.48
    ],
    [
      1.23,
      0.48
    ],
    [
      1.33,
      0.48
    ],
    [
      1.43,
      0.48
    ],
    [
      1.53,
      0.48
    ],
    [
      1.63,
      0.48
    ],
    [
      1.73,
      0.48
    ],
    [
      1.83,
      0.48
    ],
    [
      1.93,
      0.48
    ],
    [
      1.17,
      0.62
    ],
    [
      1.27,
      0.62
    ],
    [
      1.37,
      0.62
    ],
    [
      1.47,
      0.62
    ],
    [
      1.57,
      0.62
    ],
    [
      1.67,
      0.62
    ],
    [
      1.77,
      0.62
    ],
    [
      1.87,
      0.62
    ],
    [
      1.97,
      0.62
    ],
    [
      2.07,
      0.62
    ],
    [
      1.31,
      0.76
    ],
    [
      1.41,
      0.76
    ],
    [
      1.51,
      0.76
    ],
    [
      1.61,
      0.76
    ],
    [
      1.71,
      0.76
    ],
    [
      1.81,
      0.76
    ],
    [
      1.91,
      0.76
    ],
    [
      2.01,
      0.76
    ],
    [
      2.11,
      0.76
    ],
    [
      2.21,
      0.76
    ]
  ],
  "ave_Z": [
    -2.858824288409778e-14,
    8.010259122670504e-14,
    -2.4202861936828413e-14,
    -1.2212453270876722e-14,
    -2.5424107263916085e-13,
    3.837818951524241e-12,
    7.918554700836467e-12,
    -2.858424608120913e-11,
    3.1023184021705674e-11,
    8.304468224196171e-13,
    -7.993605777301127e-15,
    9.825473767932635e-15,
    -3.480549182199866e-13,
    1.1080025785759062e-13,
    -1.5010215292932116e-12,
    -2.7116087153444823e-12,
    2.639666263348772e-12,
    -1.5654144647214707e-11,
    7.72990560449216e-11,
    9.476597284674426e-11,
    -1.6042722705833512e-14,
    -1.3455903058456897e-13,
    1.433297924791077e-13,
    -1.2811973704174306e-13,
    -1.6786572132332367e-13,
    -2.6063595726100175e-12,
    5.164757510556228e-12,
    -9.451284199712973e-11,
    5.767208932638823e-11,
    2.6910829120652124e-10,
    -1.2045919817182948e-14,
    7.327471962526033e-15,
    2.2004620348070603e-13,
    4.689582056016661e-13,
    -5.826450433232822e-13,
    3.5655922658861527e-12,
    4.940936548791797e-12,
    5.057643193140393e-11,
    6.920508610619436e-11,
    -8.286615837960198e-11,
    1.5620837956475953e-13,
    -3.2307490016592055e-14,
    2.4868995751603507e-14,
    7.638334409421077e-14,
    -7.105427357601002e-13,
    2.7569058147491887e-12,
    6.486100545544105e-11,
    2.96408231292844e-10,
    -4.178657420084164e-10,
    -2.3855610820078255e-09,
    3.302913498259841e-14,
    2.418065747633591e-13,
    5.119238366546597e-13,
    -1.241229341530925e-13,
    -1.6080470288670767e-12,
    -3.6063596553503885e-11,
    -1.9895196601282805e-11,
    -9.034550885189674e-11,
    1.7165033838750787e-09,
    -3.2740476996195866e-10
  ]
}