{
  "J1J2": [
    [
      0.05,
      0.0
    ],
    [
      0.15,
      0.0
    ],
    [
      0.25,
      0.0
    ],
    [
      0.35,
      0.0
    ],
    [
      0.45,
      0.0
    ],
    [
      0.55,
      0.0
    ],
    [
      0.65,
      0.0
    ],
    [
      0.75,
      0.0
    ],
    [
      0.85,
      0.0
    ],
    [
      0.95,
      0.0
    ],
    [
      1.05,
      0.0
    ],
    [
      1.15,
      0.0
    ],
    [
      1.25,
      0.0
    ],
    [
      1.35,
      0.0
    ],
    [
      1.45,
      0.0
    ],
    [
      1.55,
      0.0
    ],
    [
      1.65,
      0.0
    ],
    [
      1.75,
      0.0
    ],
    [
      1.85,
      0.0
    ],
    [
      1.95,
      0.0
    ]
  ],
  "ave_Z": [
    1.6730819625674551e-09,
    -1.3683930088960692e-08,
    -1.5842774882545054e-08,
    2.0030536220425153e-09,
    -3.592201399854597e-08,
    5.626366730851493e-08,
    -2.3593694744084557e-08,
    9.914600012009077e-09,
    3.460816776683011e-08,
    -6.30743491877149e-07,
    -2.0012754831517234e-06,
    5.9175264005162467e-05,
    -0.0011732884493716087,
    0.18366575868719767,
    0.8744593826279873,
    -0.916078136667158,
    -0.9289131571163748,
    0.9384390704296998,
    -0.9456654629782258,
    0.13174237808163305
  ]
}