{
  "J1J2": [
    [
      0.0,
      0.05
    ],
    [
      0.0,
      0.15
    ],
    [
      0.0,
      0.25
    ],
    [
      0.0,
      0.35
    ],
    [
      0.0,
      0.45
    ],
    [
      0.0,
      0.55
    ],
    [
      0.0,
      0.65
    ],
    [
      0.0,
      0.75
    ],
    [
      0.0,
      0.85
    ],
    [
      0.0,
      0.95
    ],
    [
      0.0,
      1.05
    ],
    [
      0.0,
      1.15
    ],
    [
      0.0,
      1.25
    ],
    [
      0.0,
      1.35
    ],
    [
      0.0,
      1.45
    ],
    [
      0.0,
      1.55
    ],
    [
      0.0,
      1.65
    ],
    [
      0.0,
      1.75
    ],
    [
      0.0,
      1.85
    ],
    [
      0.0,
      1.95
    ]
  ],
  "ave_SOP": [
    1.1307390044845266e-18,
    2.8458968066362075e-12,
    2.1971130388873895e-09,
    1.7266699726836988e-07,
    4.371210044935295e-06,
    5.6460432765640304e-05,
    0.0004613778134143373,
    0.0026884168221597616,
    0.011907371507147269,
    0.04104445482564526,
    0.10875098417724069,
    0.2167894332111061,
    0.3352249089185583,
    0.43696082121671803,
    0.5171672924032149,
    0.5802860097048765,
    0.6310111076800233,
    0.6726466074789812,
    0.7074038765122683,
    0.7368031592336695
  ]
}