{
  "a_li": [
    -1.0,
    -0.9,
    -0.8,
    -0.7,
    -0.6,
    -0.5,
    -0.4,
    -0.3,
    -0.2,
    -0.1,
    0.0,
    0.1,
    0.2,
    0.3,
    0.4,
    0.5,
    0.6,
    0.7,
    0.8,
    0.9,
    1.0
  ],
  "alpha": [
    0.03732959999999996,
    0.04027349999999996,
    0.04419340000000005,
    0.048848400000000014,
    0.05523460000000002,
    0.0639284,
    0.07571550000000005,
    0.09226520000000005,
    0.11555720000000003,
    0.14926950000000005,
    0.19813709999999995,
    0.2679711,
    0.36213569999999995,
    0.48060020000000003,
    0.8362753,
    0.9078105,
    0.952646,
    0.9770792,
    0.9890094,
    0.9946145,
    0.9972914
  ],
  "beta": [
    0.4509777,
    0.4395693,
    0.4257944,
    0.4096586,
    0.3909497,
    0.3686006,
    0.3420125,
    0.3115711,
    0.2753331,
    0.2336144,
    0.1878077,
    0.1401134,
    0.0946751,
    0.056547,
    0.0048617,
    0.0016712,
    0.0005063,
    0.0001303,
    3.34e-05,
    8.4e-06,
    3.2e-06
  ]
}