{
  "a_li": [
    -1.0,
    -0.9,
    -0.8,
    -0.7,
    -0.6,
    -0.5,
    -0.4,
    -0.3,
    -0.2,
    -0.1,
    0.0,
    0.1,
    0.2,
    0.3,
    0.4,
    0.5,
    0.6,
    0.7,
    0.8,
    0.9,
    1.0
  ],
  "alpha": [
    0.006616900000000037,
    0.01377930000000005,
    0.027404800000000007,
    0.06782390000000005,
    0.09310339999999995,
    0.11517750000000004,
    0.1386098,
    0.17191940000000006,
    0.1965226,
    0.22844580000000003,
    0.2732285,
    0.3377949,
    0.4312836,
    0.5557278,
    0.8789776,
    0.9503893,
    0.980581,
    0.9938386,
    0.997803,
    0.9992195,
    0.9997268
  ],
  "beta": [
    0.592575,
    0.4609842,
    0.3230793,
    0.1729729,
    0.1247854,
    0.1000545,
    0.0845749,
    0.069848,
    0.0607704,
    0.0510777,
    0.0402673,
    0.0289039,
    0.01783,
    0.0089502,
    0.0003804,
    5.64e-05,
    8.9e-06,
    1e-07,
    1e-07,
    0.0,
    0.0
  ]
}