{
  "a_li": [
    -1.0,
    -0.9,
    -0.8,
    -0.7,
    -0.6,
    -0.5,
    -0.4,
    -0.3,
    -0.2,
    -0.1,
    0.0,
    0.1,
    0.2,
    0.3,
    0.4,
    0.5,
    0.6,
    0.7,
    0.8,
    0.9,
    1.0
  ],
  "alpha": [
    0.021291799999999972,
    0.023114199999999974,
    0.024963999999999986,
    0.026499599999999957,
    0.028878700000000035,
    0.03111050000000004,
    0.03513730000000004,
    0.04056110000000002,
    0.04754270000000005,
    0.059355999999999964,
    0.07739949999999995,
    0.10829750000000005,
    0.15877949999999996,
    0.23983429999999994,
    0.36989910000000004,
    0.5179167,
    0.6614438,
    0.7825977,
    0.8690119000000001,
    0.921968,
    0.9528458
  ],
  "beta": [
    0.7046547,
    0.6939161,
    0.6846057,
    0.6764551,
    0.6648416,
    0.6555538,
    0.6396821,
    0.620782,
    0.600148,
    0.5686631,
    0.5293389,
    0.4738183,
    0.4039042,
    0.3181443,
    0.2173785,
    0.1351666,
    0.0757316,
    0.0385087,
    0.0183645,
    0.0085136,
    0.004116
  ]
}