{
  "a_li": [
    -1.0,
    -0.9,
    -0.8,
    -0.7,
    -0.6,
    -0.5,
    -0.4,
    -0.3,
    -0.2,
    -0.1,
    0.0,
    0.1,
    0.2,
    0.3,
    0.4,
    0.5,
    0.6,
    0.7,
    0.8,
    0.9,
    1.0
  ],
  "alpha": [
    0.048528000000000016,
    0.05362670000000003,
    0.059866500000000045,
    0.06759170000000003,
    0.07745069999999998,
    0.08967670000000005,
    0.10559099999999999,
    0.12629179999999995,
    0.15398230000000002,
    0.18939320000000004,
    0.23476490000000005,
    0.2918337,
    0.36069169999999995,
    0.4396801,
    0.5244697,
    0.6085275,
    0.6868719,
    0.7552093,
    0.8119847,
    0.8662388,
    0.922136
  ],
  "beta": [
    0.355207,
    0.3411548,
    0.3256657,
    0.3083612,
    0.2890339,
    0.2676213,
    0.2434,
    0.2174081,
    0.1879918,
    0.1579208,
    0.127662,
    0.0980992,
    0.0710877,
    0.048164,
    0.0306676,
    0.0183707,
    0.0103799,
    0.0056814,
    0.0030649,
    0.0016193,
    0.0006708
  ]
}