{
  "a_li": [
    -1.0,
    -0.9,
    -0.8,
    -0.7,
    -0.6,
    -0.5,
    -0.4,
    -0.3,
    -0.2,
    -0.1,
    0.0,
    0.1,
    0.2,
    0.3,
    0.4,
    0.5,
    0.6,
    0.7,
    0.8,
    0.9,
    1.0
  ],
  "alpha": [
    0.011896000000000018,
    0.012066600000000038,
    0.01190380000000002,
    0.011998700000000029,
    0.011999199999999988,
    0.01196750000000002,
    0.011960399999999982,
    0.012214100000000006,
    0.011918600000000001,
    0.011952999999999991,
    0.011962999999999946,
    0.012158800000000025,
    0.06387710000000002,
    0.23027390000000003,
    0.2320856,
    0.9959903,
    1.0,
    1.0,
    1.0,
    1.0,
    1.0
  ],
  "beta": [
    0.7776785,
    0.7765015,
    0.7775833,
    0.7767629,
    0.7765779,
    0.7764905,
    0.7766457,
    0.7758213,
    0.777631,
    0.776315,
    0.7765827,
    0.7764151,
    0.5419327,
    0.2816285,
    0.279309,
    0.0014062,
    0.0,
    0.0,
    0.0,
    0.0,
    0.0
  ]
}