{
  "a_li": [
    -1.0,
    -0.9,
    -0.8,
    -0.7,
    -0.6,
    -0.5,
    -0.4,
    -0.3,
    -0.2,
    -0.1,
    0.0,
    0.1,
    0.2,
    0.3,
    0.4,
    0.5,
    0.6,
    0.7,
    0.8,
    0.9,
    1.0
  ],
  "alpha": [
    0.14018109999999995,
    0.15026859999999997,
    0.16181809999999996,
    0.17498360000000002,
    0.19024929999999995,
    0.20816650000000003,
    0.22919639999999997,
    0.25356290000000004,
    0.2819741,
    0.31464919999999996,
    0.352081,
    0.39450280000000004,
    0.4410408,
    0.4914452,
    0.5433657000000001,
    0.5955045999999999,
    0.6470066,
    0.694994,
    0.7387524999999999,
    0.7772842,
    0.8103452
  ],
  "beta": [
    0.1625825,
    0.1540734,
    0.145246,
    0.1359233,
    0.1258872,
    0.1156411,
    0.104817,
    0.0935628,
    0.0819193,
    0.0702764,
    0.0592128,
    0.0484261,
    0.0384713,
    0.0298665,
    0.0225411,
    0.0165479,
    0.0118354,
    0.00835,
    0.0058281,
    0.0040612,
    0.002878
  ]
}