{
  "a_li": [
    -1.0,
    -0.9,
    -0.8,
    -0.7,
    -0.6,
    -0.5,
    -0.4,
    -0.3,
    -0.2,
    -0.1,
    0.0,
    0.1,
    0.2,
    0.3,
    0.4,
    0.5,
    0.6,
    0.7,
    0.8,
    0.9,
    1.0
  ],
  "alpha": [
    0.001164300000000007,
    0.002301699999999962,
    0.005048900000000023,
    0.010449799999999954,
    0.019825300000000046,
    0.03797240000000002,
    0.07372449999999997,
    0.17698460000000005,
    0.2433653,
    0.30357789999999996,
    0.3658348,
    0.43656379999999995,
    0.5271829,
    0.6460030999999999,
    0.9181154,
    0.9691268,
    0.9903571,
    0.9972782,
    0.9993266,
    0.9998147,
    0.9999385
  ],
  "beta": [
    0.5559306,
    0.4927146,
    0.4114061,
    0.3293921,
    0.2469891,
    0.1608169,
    0.0865152,
    0.0262952,
    0.0134178,
    0.0088773,
    0.0062298,
    0.0042142,
    0.0024348,
    0.0010569,
    2.01e-05,
    2.2e-06,
    1e-07,
    0.0,
    0.0,
    0.0,
    0.0
  ]
}