{
  "a_li": [
    -1.0,
    -0.9,
    -0.8,
    -0.7,
    -0.6,
    -0.5,
    -0.4,
    -0.3,
    -0.2,
    -0.1,
    0.0,
    0.1,
    0.2,
    0.3,
    0.4,
    0.5,
    0.6,
    0.7,
    0.8,
    0.9,
    1.0
  ],
  "alpha": [
    0.06360809999999995,
    0.06910780000000005,
    0.07520939999999998,
    0.08215620000000001,
    0.09031230000000001,
    0.09969550000000005,
    0.11048599999999997,
    0.12317959999999994,
    0.1380226,
    0.15552480000000002,
    0.17578439999999995,
    0.1992796,
    0.22585580000000005,
    0.2554231,
    0.2882855,
    0.32320629999999995,
    0.3597819,
    0.3967615,
    0.4333475,
    0.46934770000000003,
    0.5040445
  ],
  "beta": [
    0.2893488,
    0.2781568,
    0.2667471,
    0.2552158,
    0.2429181,
    0.2295549,
    0.2159151,
    0.2013847,
    0.1864952,
    0.1705924,
    0.1541224,
    0.1377753,
    0.1214056,
    0.105227,
    0.0903592,
    0.0765643,
    0.0640738,
    0.0534587,
    0.0441118,
    0.0365408,
    0.030347
  ]
}